igdb_id,date_ts,date_ymd,human,region_id,region_name,region_code,platform_id,platform_name
5565,601862400,1989-01-27,"Jan 27, 1989",5,Japan,JP,52,Arcade
5565,1014854400,2002-02-28,"Feb 28, 2002",5,Japan,JP,123,WonderSwan Color
5565,662601600,1990-12-31,1990,1,Europe,EU,26,ZX Spectrum
5565,1184630400,2007-07-17,"Jul 17, 2007",8,Worldwide,WW,12,Xbox 360
5565,1311120000,2011-07-20,"Jul 20, 2011",8,Worldwide,WW,9,PlayStation 3
5565,662601600,1990-12-31,1990,1,Europe,EU,16,Amiga
5565,662601600,1990-12-31,1990,1,Europe,EU,25,Amstrad CPC
5565,662601600,1990-12-31,1990,1,Europe,EU,63,Atari ST/STE
5565,637545600,1990-03-16,"Mar 16, 1990",,,UNKNOWN,150,Turbografx-16/PC Engine CD
5565,662601600,1990-12-31,1990,2,Korea,KR,13,DOS
5565,662601600,1990-12-31,1990,1,Europe,EU,15,Commodore C64/128/MAX
270346,1008288000,2001-12-14,"Dec 14, 2001",5,Japan,JP,24,Game Boy Advance
270346,1013472000,2002-02-12,"Feb 12, 2002",1,Europe,EU,24,Game Boy Advance
270346,1041292800,2002-12-31,2002,10,Brazil,BR,24,Game Boy Advance
270346,1142380800,2006-03-15,"Mar 15, 2006",6,China,CN,24,Game Boy Advance
270346,1013212800,2002-02-09,"Feb 09, 2002",2,Korea,KR,24,Game Boy Advance
5565,1184630400,2007-07-17,"Jul 17, 2007",,,UNKNOWN,12,Xbox 360
23597,1093996800,2004-09-01,"Sep 01, 2004",1,Europe,EU,55,Legacy Mobile Device
7704,752112000,1993-11-01,"Nov 01, 1993",,,UNKNOWN,19,Super Nintendo Entertainment System
7704,751852800,1993-10-29,"Oct 29, 1993",5,Japan,JP,58,Super Famicom
7704,783648000,1994-11-01,"Nov 01, 1994",,,UNKNOWN,19,Super Nintendo Entertainment System
5341,791596800,1995-02-01,Feb 1995,,,UNKNOWN,29,Sega Mega Drive/Genesis
5341,791596800,1995-02-01,Feb 1995,,,UNKNOWN,19,Super Nintendo Entertainment System
5339,808444800,1995-08-15,"Aug 15, 1995",,,UNKNOWN,19,Super Nintendo Entertainment System
5339,808444800,1995-08-15,"Aug 15, 1995",,,UNKNOWN,29,Sega Mega Drive/Genesis
46193,685324800,1991-09-20,"Sep 20, 1991",,,UNKNOWN,52,Arcade
46193,688348800,1991-10-25,"Oct 25, 1991",,,UNKNOWN,80,Neo Geo AES
46193,793670400,1995-02-25,"Feb 25, 1995",,,UNKNOWN,136,Neo Geo CD
46193,741484800,1993-07-01,Jul 1993,,,UNKNOWN,19,Super Nintendo Entertainment System
46193,1345680000,2012-08-23,"Aug 23, 2012",,,UNKNOWN,5,Wii
46193,1341446400,2012-07-05,"Jul 05, 2012",,,UNKNOWN,5,Wii
46193,1317686400,2011-10-04,"Oct 04, 2011",,,UNKNOWN,5,Wii
46193,731894400,1993-03-12,"Mar 12, 1993",,,UNKNOWN,58,Super Famicom
38353,754272000,1993-11-26,"Nov 26, 1993",5,Japan,JP,58,Super Famicom
11884,631065600,1989-12-31,1989,,,UNKNOWN,13,DOS
11884,662601600,1990-12-31,1990,,,UNKNOWN,16,Amiga
11884,754272000,1993-11-26,"Nov 26, 1993",,,UNKNOWN,58,Super Famicom
11884,755222400,1993-12-07,"Dec 07, 1993",,,UNKNOWN,19,Super Nintendo Entertainment System
11884,662601600,1990-12-31,1990,,,UNKNOWN,15,Commodore C64/128/MAX
42349,827452800,1996-03-22,"Mar 22, 1996",5,Japan,JP,58,Super Famicom
292078,,,TBD,8,Worldwide,WW,18,Nintendo Entertainment System
292078,,,TBD,8,Worldwide,WW,29,Sega Mega Drive/Genesis
292078,,,TBD,8,Worldwide,WW,78,Sega CD
292078,,,TBD,8,Worldwide,WW,86,TurboGrafx-16/PC Engine
292078,,,TBD,8,Worldwide,WW,84,SG-1000
292078,,,TBD,8,Worldwide,WW,64,Sega Master System/Mark III
292078,,,TBD,8,Worldwide,WW,62,Atari Jaguar
292078,,,TBD,8,Worldwide,WW,7,PlayStation
292078,,,TBD,8,Worldwide,WW,150,Turbografx-16/PC Engine CD
292078,,,TBD,8,Worldwide,WW,19,Super Nintendo Entertainment System
292078,,,TBD,8,Worldwide,WW,23,Dreamcast
292078,,,TBD,8,Worldwide,WW,21,Nintendo GameCube
292078,,,TBD,8,Worldwide,WW,33,Game Boy
292078,,,TBD,8,Worldwide,WW,80,Neo Geo AES
292078,,,TBD,8,Worldwide,WW,79,Neo Geo MVS
292078,,,TBD,8,Worldwide,WW,136,Neo Geo CD
292078,,,TBD,8,Worldwide,WW,68,ColecoVision
292078,,,TBD,8,Worldwide,WW,27,MSX
42568,778377600,1994-09-01,Sep 1994,,,UNKNOWN,29,Sega Mega Drive/Genesis
42568,783648000,1994-11-01,Nov 1994,,,UNKNOWN,19,Super Nintendo Entertainment System
42568,820368000,1995-12-31,1995,,,UNKNOWN,50,3DO Interactive Multiplayer
42568,788832000,1994-12-31,1994,,,UNKNOWN,29,Sega Mega Drive/Genesis
38240,805680000,1995-07-14,"Jul 14, 1995",,,UNKNOWN,58,Super Famicom
6979,724896000,1992-12-21,"Dec 21, 1992",,,UNKNOWN,58,Super Famicom
6979,742694400,1993-07-15,"Jul 15, 1993",,,UNKNOWN,19,Super Nintendo Entertainment System
42301,812332800,1995-09-29,"Sep 29, 1995",,,UNKNOWN,58,Super Famicom
63844,756518400,1993-12-22,"Dec 22, 1993",5,Japan,JP,58,Super Famicom
46770,725760000,1992-12-31,1992,5,Japan,JP,58,Super Famicom
46770,678326400,1991-07-01,Jul 1991,,,UNKNOWN,52,Arcade
38352,734313600,1993-04-09,"Apr 09, 1993",,,UNKNOWN,58,Super Famicom
49256,1024963200,2002-06-25,"Jun 25, 2002",,,UNKNOWN,24,Game Boy Advance
49256,1040342400,2002-12-20,"Dec 20, 2002",,,UNKNOWN,24,Game Boy Advance
49256,1017619200,2002-04-01,Apr 2002,,,UNKNOWN,24,Game Boy Advance
5352,631065600,1989-12-31,1989,8,Worldwide,WW,16,Amiga
5352,843782400,1996-09-27,"Sep 27, 1996",,,UNKNOWN,32,Sega Saturn
5352,631065600,1989-12-31,1989,,,UNKNOWN,63,Atari ST/STE
5352,654480000,1990-09-28,"Sep 28, 1990",,,UNKNOWN,86,TurboGrafx-16/PC Engine
5352,567907200,1987-12-31,1987,,,UNKNOWN,52,Arcade
5352,638064000,1990-03-22,"Mar 22, 1990",2,Korea,KR,29,Sega Mega Drive/Genesis
5352,638150400,1990-03-23,"Mar 23, 1990",5,Japan,JP,29,Sega Mega Drive/Genesis
5352,665193600,1991-01-30,"Jan 30, 1991",10,Brazil,BR,29,Sega Mega Drive/Genesis
5352,631065600,1989-12-31,1989,,,UNKNOWN,121,Sharp X68000
7747,738547200,1993-05-28,"May 28, 1993",,,UNKNOWN,33,Game Boy
7747,757296000,1993-12-31,1993,,,UNKNOWN,19,Super Nintendo Entertainment System
7747,711072000,1992-07-14,"Jul 14, 1992",,,UNKNOWN,58,Super Famicom
8448,859852800,1997-04-01,Apr 1997,,,UNKNOWN,29,Sega Mega Drive/Genesis
8448,851040000,1996-12-20,"Dec 20, 1996",,,UNKNOWN,58,Super Famicom
8448,844041600,1996-09-30,"Sep 30, 1996",2,Korea,KR,6,PC (Microsoft Windows)
8448,818380800,1995-12-08,"Dec 08, 1995",1,Europe,EU,29,Sega Mega Drive/Genesis
8448,849139200,1996-11-28,"Nov 28, 1996",1,Europe,EU,19,Super Nintendo Entertainment System
8448,849139200,1996-11-28,"Nov 28, 1996",2,Korea,KR,19,Super Nintendo Entertainment System
8448,,,TBD,,,UNKNOWN,19,Super Nintendo Entertainment System
38196,764553600,1994-03-25,"Mar 25, 1994",5,Japan,JP,19,Super Nintendo Entertainment System
38196,767232000,1994-04-25,"Apr 25, 1994",8,Worldwide,WW,19,Super Nintendo Entertainment System
72032,818985600,1995-12-15,"Dec 15, 1995",,,UNKNOWN,6,PC (Microsoft Windows)
72032,883526400,1997-12-31,Q4 1997,,,UNKNOWN,19,Super Nintendo Entertainment System
72032,891302400,1998-03-31,Q1 1998,,,UNKNOWN,19,Super Nintendo Entertainment System
289866,1734393600,2024-12-17,"Dec 17, 2024",,,UNKNOWN,3,Linux
289866,1734393600,2024-12-17,"Dec 17, 2024",,,UNKNOWN,14,Mac
289866,1734393600,2024-12-17,"Dec 17, 2024",,,UNKNOWN,6,PC (Microsoft Windows)
42383,800841600,1995-05-19,"May 19, 1995",,,UNKNOWN,58,Super Famicom
38425,728524800,1993-02-01,"Feb 01, 1993",,,UNKNOWN,19,Super Nintendo Entertainment System
45878,786240000,1994-12-01,"Dec 01, 1994",,,UNKNOWN,19,Super Nintendo Entertainment System
45878,791596800,1995-02-01,"Feb 01, 1995",,,UNKNOWN,30,Sega 32X
705,880848000,1997-11-30,"Nov 30, 1997",,,UNKNOWN,6,PC (Microsoft Windows)
705,882576000,1997-12-20,"Dec 20, 1997",,,UNKNOWN,4,Nintendo 64
705,880934400,1997-12-01,"Dec 01, 1997",,,UNKNOWN,7,PlayStation
705,,,TBD,,,UNKNOWN,4,Nintendo 64
3285,840758400,1996-08-23,"Aug 23, 1996",,,UNKNOWN,58,Super Famicom
42221,798422400,1995-04-21,"Apr 21, 1995",,,UNKNOWN,58,Super Famicom
37820,805680000,1995-07-14,"Jul 14, 1995",,,UNKNOWN,58,Super Famicom
56417,735955200,1993-04-28,"Apr 28, 1993",,,UNKNOWN,118,FM Towns
42479,728524800,1993-02-01,"Feb 01, 1993",,,UNKNOWN,19,Super Nintendo Entertainment System
42479,726796800,1993-01-12,"Jan 12, 1993",,,UNKNOWN,29,Sega Mega Drive/Genesis
42479,715305600,1992-09-01,Sep 1992,,,UNKNOWN,29,Sega Mega Drive/Genesis
560,1266278400,2010-02-16,"Feb 16, 2010",,,UNKNOWN,9,PlayStation 3
560,1266278400,2010-02-16,"Feb 16, 2010",,,UNKNOWN,6,PC (Microsoft Windows)
560,1266278400,2010-02-16,"Feb 16, 2010",,,UNKNOWN,12,Xbox 360
560,1266537600,2010-02-19,"Feb 19, 2010",,,UNKNOWN,9,PlayStation 3
37854,713145600,1992-08-07,"Aug 07, 1992",,,UNKNOWN,58,Super Famicom
71214,757296000,1993-12-31,1993,,,UNKNOWN,19,Super Nintendo Entertainment System
71214,688953600,1991-11-01,Nov 1991,,,UNKNOWN,16,Amiga
71214,694137600,1991-12-31,1991,,,UNKNOWN,63,Atari ST/STE
71214,725760000,1992-12-31,1992,,,UNKNOWN,13,DOS
71214,741571200,1993-07-02,"Jul 02, 1993",,,UNKNOWN,19,Super Nintendo Entertainment System
71214,725760000,1992-12-31,1992,,,UNKNOWN,15,Commodore C64/128/MAX
71214,1317340800,2011-09-30,"Sep 30, 2011",,,UNKNOWN,39,iOS
71214,1626998400,2021-07-23,"Jul 23, 2021",,,UNKNOWN,6,PC (Microsoft Windows)
82102,1119484800,2005-06-23,"Jun 23, 2005",,,UNKNOWN,24,Game Boy Advance
114033,772761600,1994-06-28,"Jun 28, 1994",,,UNKNOWN,58,Super Famicom
114033,,,TBD,9,Korea,KR,19,Super Nintendo Entertainment System
18067,1421280000,2015-01-15,"Jan 15, 2015",,,UNKNOWN,41,Wii U
18067,796694400,1995-04-01,Apr 1995,,,UNKNOWN,19,Super Nintendo Entertainment System
18067,794016000,1995-03-01,"Mar 01, 1995",,,UNKNOWN,19,Super Nintendo Entertainment System
18067,1414627200,2014-10-30,"Oct 30, 2014",,,UNKNOWN,41,Wii U
18067,1481760000,2016-12-15,"Dec 15, 2016",,,UNKNOWN,137,New Nintendo 3DS
18067,1481155200,2016-12-08,"Dec 08, 2016",,,UNKNOWN,137,New Nintendo 3DS
18067,782697600,1994-10-21,"Oct 21, 1994",,,UNKNOWN,58,Super Famicom
18067,783648000,1994-11-01,"Nov 01, 1994",,,UNKNOWN,19,Super Nintendo Entertainment System
1073,807580800,1995-08-05,"Aug 05, 1995",,,UNKNOWN,58,Super Famicom
1073,851990400,1996-12-31,1996,,,UNKNOWN,19,Super Nintendo Entertainment System
1073,,,TBD,,,UNKNOWN,306,Satellaview
1073,812851200,1995-10-05,"Oct 05, 1995",,,UNKNOWN,19,Super Nintendo Entertainment System
1073,812764800,1995-10-04,"Oct 04, 1995",,,UNKNOWN,19,Super Nintendo Entertainment System
1073,820368000,1995-12-31,1995,,,UNKNOWN,19,Super Nintendo Entertainment System
1073,812505600,1995-10-01,Oct 1995,,,UNKNOWN,19,Super Nintendo Entertainment System
240915,947116800,2000-01-06,"Jan 06, 2000",,,UNKNOWN,7,PlayStation
240915,928972800,1999-06-10,"Jun 10, 1999",,,UNKNOWN,7,PlayStation
42212,731894400,1993-03-12,"Mar 12, 1993",5,Japan,JP,149,PC-9800 Series
42212,808099200,1995-08-11,"Aug 11, 1995",5,Japan,JP,58,Super Famicom
4389,757296000,1993-12-31,1993,,,UNKNOWN,29,Sega Mega Drive/Genesis
4389,772416000,1994-06-24,"Jun 24, 1994",,,UNKNOWN,29,Sega Mega Drive/Genesis
4389,720576000,1992-11-01,Nov 1992,,,UNKNOWN,19,Super Nintendo Entertainment System
4389,754704000,1993-12-01,"Dec 01, 1993",,,UNKNOWN,19,Super Nintendo Entertainment System
4389,745200000,1993-08-13,"Aug 13, 1993",,,UNKNOWN,19,Super Nintendo Entertainment System
46681,725760000,1992-12-31,1992,2,Korea,KR,29,Sega Mega Drive/Genesis
46681,725760000,1992-12-31,1992,2,Korea,KR,19,Super Nintendo Entertainment System
46681,725760000,1992-12-31,1992,2,Korea,KR,35,Sega Game Gear
46681,788832000,1994-12-31,1994,,,UNKNOWN,33,Game Boy
276017,994377600,2001-07-06,"Jul 06, 2001",,,UNKNOWN,24,Game Boy Advance
276017,1007164800,2001-12-01,"Dec 01, 2001",,,UNKNOWN,24,Game Boy Advance
276017,1008288000,2001-12-14,"Dec 14, 2001",,,UNKNOWN,24,Game Boy Advance
42254,727660800,1993-01-22,"Jan 22, 1993",,,UNKNOWN,58,Super Famicom
77378,820368000,1995-12-31,1995,,,UNKNOWN,19,Super Nintendo Entertainment System
77378,786240000,1994-12-01,"Dec 01, 1994",,,UNKNOWN,19,Super Nintendo Entertainment System
77378,,,TBD,,,UNKNOWN,19,Super Nintendo Entertainment System
20134,846720000,1996-10-31,"Oct 31, 1996",,,UNKNOWN,19,Super Nintendo Entertainment System
20134,846720000,1996-10-31,"Oct 31, 1996",,,UNKNOWN,29,Sega Mega Drive/Genesis
20134,846720000,1996-10-31,"Oct 31, 1996",,,UNKNOWN,32,Sega Saturn
20134,846720000,1996-10-31,"Oct 31, 1996",,,UNKNOWN,7,PlayStation
20134,851990400,1996-12-31,1996,,,UNKNOWN,29,Sega Mega Drive/Genesis
97118,784512000,1994-11-11,"Nov 11, 1994",,,UNKNOWN,58,Super Famicom
32601,1438819200,2015-08-06,"Aug 06, 2015",,,UNKNOWN,19,Super Nintendo Entertainment System
32601,1476835200,2016-10-19,"Oct 19, 2016",8,Worldwide,WW,6,PC (Microsoft Windows)
32601,788832000,1994-12-31,1994,,,UNKNOWN,19,Super Nintendo Entertainment System
249148,1009756800,2001-12-31,2001,,,UNKNOWN,22,Game Boy Color
1741,820368000,1995-12-31,1995,,,UNKNOWN,13,DOS
1741,1468454400,2016-07-14,"Jul 14, 2016",,,UNKNOWN,137,New Nintendo 3DS
1741,758937600,1994-01-19,"Jan 19, 1994",,,UNKNOWN,19,Super Nintendo Entertainment System
1741,788832000,1994-12-31,1994,,,UNKNOWN,19,Super Nintendo Entertainment System
1741,765158400,1994-04-01,Apr 1994,,,UNKNOWN,19,Super Nintendo Entertainment System
1741,1303084800,2011-04-18,"Apr 18, 2011",,,UNKNOWN,5,Wii
1741,1331164800,2012-03-08,"Mar 08, 2012",,,UNKNOWN,5,Wii
1741,1379548800,2013-09-19,"Sep 19, 2013",,,UNKNOWN,41,Wii U
1741,1470873600,2016-08-11,"Aug 11, 2016",,,UNKNOWN,137,New Nintendo 3DS
1741,1301961600,2011-04-05,"Apr 05, 2011",,,UNKNOWN,5,Wii
1741,1369872000,2013-05-30,"May 30, 2013",,,UNKNOWN,41,Wii U
1741,756086400,1993-12-17,"Dec 17, 1993",,,UNKNOWN,58,Super Famicom
1741,767750400,1994-05-01,"May 01, 1994",,,UNKNOWN,19,Super Nintendo Entertainment System
1741,1369180800,2013-05-22,"May 22, 2013",,,UNKNOWN,41,Wii U
307353,1010966400,2002-01-14,"Jan 14, 2002",,,UNKNOWN,3,Linux
307353,946598400,1999-12-31,1999,,,UNKNOWN,6,PC (Microsoft Windows)
38019,896659200,1998-06-01,"Jun 01, 1998",,,UNKNOWN,58,Super Famicom
4492,788832000,1994-12-31,1994,,,UNKNOWN,29,Sega Mega Drive/Genesis
4492,820368000,1995-12-31,1995,,,UNKNOWN,19,Super Nintendo Entertainment System
42581,757382400,1994-01-01,Jan 1994,,,UNKNOWN,19,Super Nintendo Entertainment System
42581,764553600,1994-03-25,"Mar 25, 1994",,,UNKNOWN,19,Super Nintendo Entertainment System
42581,761529600,1994-02-18,"Feb 18, 1994",,,UNKNOWN,58,Super Famicom
74032,788832000,1994-12-31,1994,8,Worldwide,WW,16,Amiga
74032,788832000,1994-12-31,1994,8,Worldwide,WW,13,DOS
282484,791596800,1995-02-01,"Feb 01, 1995",,,UNKNOWN,35,Sega Game Gear
167154,,,TBD,2,Korea,KR,52,Arcade
213885,802656000,1995-06-09,"Jun 09, 1995",,,UNKNOWN,50,3DO Interactive Multiplayer
213885,814147200,1995-10-20,"Oct 20, 1995",,,UNKNOWN,50,3DO Interactive Multiplayer
323388,1510617600,2017-11-14,"Nov 14, 2017",,,UNKNOWN,6,PC (Microsoft Windows)
323388,1494720000,2017-05-14,"May 14, 2017",,,UNKNOWN,48,PlayStation 4
135268,1539302400,2018-10-12,"Oct 12, 2018",8,Worldwide,WW,4,Nintendo 64
72812,,,TBD,,,UNKNOWN,34,Android
72812,,,TBD,,,UNKNOWN,39,iOS
72812,1711584000,2024-03-28,"Mar 28, 2024",,,UNKNOWN,130,Nintendo Switch
72812,1721260800,2024-07-18,"Jul 18, 2024",,,UNKNOWN,6,PC (Microsoft Windows)
72812,1721260800,2024-07-18,"Jul 18, 2024",,,UNKNOWN,48,PlayStation 4
72812,1721260800,2024-07-18,"Jul 18, 2024",,,UNKNOWN,167,PlayStation 5
72812,1763078400,2025-11-14,"Nov 14, 2025",,,UNKNOWN,169,Xbox Series X|S
72812,1763078400,2025-11-14,"Nov 14, 2025",,,UNKNOWN,130,Nintendo Switch
72812,1763078400,2025-11-14,"Nov 14, 2025",,,UNKNOWN,508,Nintendo Switch 2
72812,1763078400,2025-11-14,"Nov 14, 2025",,,UNKNOWN,6,PC (Microsoft Windows)
72812,1763078400,2025-11-14,"Nov 14, 2025",,,UNKNOWN,48,PlayStation 4
72812,1763078400,2025-11-14,"Nov 14, 2025",,,UNKNOWN,167,PlayStation 5
72812,1762819200,2025-11-11,"Nov 11, 2025",,,UNKNOWN,6,PC (Microsoft Windows)
72812,1762819200,2025-11-11,"Nov 11, 2025",,,UNKNOWN,48,PlayStation 4
72812,1762819200,2025-11-11,"Nov 11, 2025",,,UNKNOWN,167,PlayStation 5
72812,1762819200,2025-11-11,"Nov 11, 2025",,,UNKNOWN,169,Xbox Series X|S
72812,1762819200,2025-11-11,"Nov 11, 2025",,,UNKNOWN,130,Nintendo Switch
72812,1762819200,2025-11-11,"Nov 11, 2025",,,UNKNOWN,508,Nintendo Switch 2
287084,825638400,1996-03-01,"Mar 01, 1996",2,Korea,KR,7,PlayStation
287084,883526400,1997-12-31,1997,2,Korea,KR,32,Sega Saturn
222820,658713600,1990-11-16,"Nov 16, 1990",,,UNKNOWN,33,Game Boy
136080,1571356800,2019-10-18,"Oct 18, 2019",8,Worldwide,WW,48,PlayStation 4
136080,1571270400,2019-10-17,"Oct 17, 2019",8,Worldwide,WW,49,Xbox One
45781,851990400,1996-12-31,1996,,,UNKNOWN,19,Super Nintendo Entertainment System
45781,760060800,1994-02-01,"Feb 01, 1994",,,UNKNOWN,29,Sega Mega Drive/Genesis
28389,746841600,1993-09-01,Sep 1993,2,Korea,KR,19,Super Nintendo Entertainment System
28389,757296000,1993-12-31,1993,1,Europe,EU,19,Super Nintendo Entertainment System
28389,755481600,1993-12-10,"Dec 10, 1993",5,Japan,JP,58,Super Famicom
1253,857001600,1997-02-27,"Feb 27, 1997",,,UNKNOWN,19,Super Nintendo Entertainment System
1253,862444800,1997-05-01,May 1997,,,UNKNOWN,19,Super Nintendo Entertainment System
5405,749433600,1993-10-01,Oct 1993,8,Worldwide,WW,13,DOS
5405,749433600,1993-10-01,Oct 1993,8,Worldwide,WW,19,Super Nintendo Entertainment System
5405,749433600,1993-10-01,Oct 1993,8,Worldwide,WW,78,Sega CD
5405,749433600,1993-10-01,Oct 1993,8,Worldwide,WW,29,Sega Mega Drive/Genesis
6621,1466640000,2016-06-23,"Jun 23, 2016",2,Korea,KR,137,New Nintendo 3DS
6621,752112000,1993-11-01,Nov 1993,,,UNKNOWN,19,Super Nintendo Entertainment System
6621,691286400,1991-11-28,"Nov 28, 1991",,,UNKNOWN,19,Super Nintendo Entertainment System
6621,686534400,1991-10-04,"Oct 04, 1991",5,Japan,JP,58,Super Famicom
6621,725760000,1992-12-31,1992,9,Korea,KR,19,Super Nintendo Entertainment System
6621,1173052800,2007-03-05,"Mar 05, 2007",2,Korea,KR,5,Wii
6621,1171929600,2007-02-20,"Feb 20, 2007",5,Japan,JP,5,Wii
6621,1368662400,2013-05-16,"May 16, 2013",1,Europe,EU,41,Wii U
6621,1695945600,2023-09-29,"Sep 29, 2023",8,Worldwide,WW,82,Web browser
6621,1173398400,2007-03-09,"Mar 09, 2007",3,Japan,JP,5,Wii
6621,1173398400,2007-03-09,"Mar 09, 2007",1,Europe,EU,5,Wii
6621,1367020800,2013-04-27,"Apr 27, 2013",5,Japan,JP,41,Wii U
6621,1368662400,2013-05-16,"May 16, 2013",2,Korea,KR,41,Wii U
242310,823132800,1996-02-01,Feb 1996,,,UNKNOWN,33,Game Boy
242310,820368000,1995-12-31,1995,,,UNKNOWN,33,Game Boy
37832,,,TBD,5,Japan,JP,306,Satellaview
37832,764553600,1994-03-25,"Mar 25, 1994",,,UNKNOWN,58,Super Famicom
198998,820368000,1995-12-31,"Dec 31, 1995",,,UNKNOWN,475,R-Zone
42506,733622400,1993-04-01,"Apr 01, 1993",,,UNKNOWN,19,Super Nintendo Entertainment System
1498,793584000,1995-02-24,"Feb 24, 1995",5,Japan,JP,58,Super Famicom
1498,1026432000,2002-07-12,"Jul 12, 2002",5,Japan,JP,123,WonderSwan Color
42617,694137600,1991-12-31,Q4 1991,,,UNKNOWN,19,Super Nintendo Entertainment System
42617,653097600,1990-09-12,"Sep 12, 1990",,,UNKNOWN,121,Sharp X68000
42617,692496000,1991-12-12,"Dec 12, 1991",,,UNKNOWN,58,Super Famicom
42617,738460800,1993-05-27,"May 27, 1993",,,UNKNOWN,19,Super Nintendo Entertainment System
38130,730080000,1993-02-19,"Feb 19, 1993",,,UNKNOWN,58,Super Famicom
198669,757296000,1993-12-31,1993,,,UNKNOWN,411,Handheld Electronic LCD
330214,1506816000,2017-10-01,"Oct 01, 2017",,,UNKNOWN,19,Super Nintendo Entertainment System
346267,757296000,1993-12-31,1993,,,UNKNOWN,35,Sega Game Gear
346267,788832000,1994-12-31,1994,,,UNKNOWN,35,Sega Game Gear
280811,788832000,1994-12-31,1994,1,Europe,EU,18,Nintendo Entertainment System
280811,,,TBD,,,UNKNOWN,18,Nintendo Entertainment System
284101,,,TBD,,,UNKNOWN,99,Family Computer
1726,1048204800,2003-03-21,"Mar 21, 2003",1,Europe,EU,24,Game Boy Advance
1726,1047427200,2003-03-12,"Mar 12, 2003",2,Korea,KR,24,Game Boy Advance
1726,893376000,1998-04-24,"Apr 24, 1998",5,Japan,JP,58,Super Famicom
1726,1028937600,2002-08-10,"Aug 10, 2002",5,Japan,JP,24,Game Boy Advance
1726,1423958400,2015-02-15,"Feb 15, 2015",5,Japan,JP,41,Wii U
1726,1430956800,2015-05-07,"May 07, 2015",2,Korea,KR,41,Wii U
1726,1439424000,2015-08-13,"Aug 13, 2015",1,Europe,EU,41,Wii U
1534,865555200,1997-06-06,"Jun 06, 1997",,,UNKNOWN,306,Satellaview
1534,738892800,1993-06-01,Jun 1993,,,UNKNOWN,19,Super Nintendo Entertainment System
1534,744163200,1993-08-01,Aug 1993,,,UNKNOWN,19,Super Nintendo Entertainment System
1534,724982400,1992-12-22,"Dec 22, 1992",,,UNKNOWN,58,Super Famicom
262153,757296000,1993-12-31,1993,1,Europe,EU,33,Game Boy
262153,749433600,1993-10-01,Oct 1993,2,Korea,KR,33,Game Boy
20298,817776000,1995-12-01,"Dec 01, 1995",,,UNKNOWN,19,Super Nintendo Entertainment System
20298,788832000,1994-12-31,1994,,,UNKNOWN,52,Arcade
20298,851990400,1996-12-31,1996,,,UNKNOWN,6,PC (Microsoft Windows)
20298,,,TBD,,,UNKNOWN,19,Super Nintendo Entertainment System
20298,820368000,1995-12-31,1995,,,UNKNOWN,29,Sega Mega Drive/Genesis
20298,851990400,1996-12-31,1996,,,UNKNOWN,7,PlayStation
20298,851990400,1996-12-31,1996,,,UNKNOWN,32,Sega Saturn
4449,780969600,1994-10-01,"Oct 01, 1994",,,UNKNOWN,29,Sega Mega Drive/Genesis
4449,820368000,1995-12-31,1995,,,UNKNOWN,16,Amiga
4449,780969600,1994-10-01,"Oct 01, 1994",,,UNKNOWN,13,DOS
4449,780969600,1994-10-01,"Oct 01, 1994",,,UNKNOWN,19,Super Nintendo Entertainment System
4449,820368000,1995-12-31,1995,,,UNKNOWN,114,Amiga CD32
4449,780969600,1994-10-01,"Oct 01, 1994",,,UNKNOWN,78,Sega CD
47498,665366400,1991-02-01,"Feb 01, 1991",,,UNKNOWN,27,MSX
47498,694137600,1991-12-31,1991,,,UNKNOWN,121,Sharp X68000
47498,694137600,1991-12-31,1991,,,UNKNOWN,125,PC-8800 Series
47498,725760000,1992-12-31,1992,,,UNKNOWN,118,FM Towns
47498,757296000,1993-12-31,1993,,,UNKNOWN,13,DOS
47498,694137600,1991-12-31,1991,,,UNKNOWN,149,PC-9800 Series
47498,757296000,1993-12-31,1993,,,UNKNOWN,19,Super Nintendo Entertainment System
42613,775699200,1994-08-01,"Aug 01, 1994",8,Worldwide,WW,19,Super Nintendo Entertainment System
243453,1469664000,2016-07-28,"Jul 28, 2016",,,UNKNOWN,137,New Nintendo 3DS
243453,1472083200,2016-08-25,"Aug 25, 2016",,,UNKNOWN,137,New Nintendo 3DS
243453,851040000,1996-12-20,"Dec 20, 1996",,,UNKNOWN,58,Super Famicom
243453,847065600,1996-11-04,"Nov 04, 1996",,,UNKNOWN,19,Super Nintendo Entertainment System
243453,851990400,1996-12-31,1996,,,UNKNOWN,19,Super Nintendo Entertainment System
243453,850953600,1996-12-19,"Dec 19, 1996",,,UNKNOWN,19,Super Nintendo Entertainment System
243453,1260144000,2009-12-07,"Dec 07, 2009",,,UNKNOWN,5,Wii
243453,1264723200,2010-01-29,"Jan 29, 2010",,,UNKNOWN,5,Wii
243453,1400716800,2014-05-22,"May 22, 2014",,,UNKNOWN,41,Wii U
204616,,,TBD,10,Brazil,BR,19,Super Nintendo Entertainment System
204616,775699200,1994-08-01,Aug 1994,2,Korea,KR,19,Super Nintendo Entertainment System
204616,788832000,1994-12-31,1994,1,Europe,EU,19,Super Nintendo Entertainment System
204616,774230400,1994-07-15,"Jul 15, 1994",5,Japan,JP,58,Super Famicom
44437,859507200,1997-03-28,"Mar 28, 1997",,,UNKNOWN,58,Super Famicom
99509,1497484800,2017-06-15,"Jun 15, 2017",8,Worldwide,WW,49,Xbox One
99509,1497916800,2017-06-20,"Jun 20, 2017",,,UNKNOWN,48,PlayStation 4
99509,1498694400,2017-06-29,"Jun 29, 2017",,,UNKNOWN,130,Nintendo Switch
99509,1527206400,2018-05-25,"May 25, 2018",,,UNKNOWN,6,PC (Microsoft Windows)
42557,759369600,1994-01-24,"Jan 24, 1994",,,UNKNOWN,19,Super Nintendo Entertainment System
21023,1364860800,2013-04-02,"Apr 02, 2013",,,UNKNOWN,37,Nintendo 3DS
21023,1360886400,2013-02-15,"Feb 15, 2013",,,UNKNOWN,37,Nintendo 3DS
21023,,,TBD,,,UNKNOWN,37,Nintendo 3DS
1720,1415232000,2014-11-06,"Nov 06, 2014",,,UNKNOWN,41,Wii U
1720,809913600,1995-09-01,"Sep 01, 1995",,,UNKNOWN,19,Super Nintendo Entertainment System
1720,796003200,1995-03-24,"Mar 24, 1995",,,UNKNOWN,58,Super Famicom
1720,1466035200,2016-06-16,"Jun 16, 2016",,,UNKNOWN,137,New Nintendo 3DS
1720,1468454400,2016-07-14,"Jul 14, 2016",,,UNKNOWN,137,New Nintendo 3DS
1720,816825600,1995-11-20,"Nov 20, 1995",,,UNKNOWN,19,Super Nintendo Entertainment System
1720,1410480000,2014-09-12,"Sep 12, 2014",,,UNKNOWN,41,Wii U
5404,780969600,1994-10-01,"Oct 01, 1994",,,UNKNOWN,19,Super Nintendo Entertainment System
5404,796694400,1995-04-01,"Apr 01, 1995",,,UNKNOWN,19,Super Nintendo Entertainment System
5404,794016000,1995-03-01,"Mar 01, 1995",,,UNKNOWN,58,Super Famicom
5404,,,TBD,10,Brazil,BR,19,Super Nintendo Entertainment System
8121,791596800,1995-02-01,Feb 1995,,,UNKNOWN,29,Sega Mega Drive/Genesis
8121,791596800,1995-02-01,Feb 1995,,,UNKNOWN,19,Super Nintendo Entertainment System
8121,786931200,1994-12-09,"Dec 09, 1994",,,UNKNOWN,19,Super Nintendo Entertainment System
8121,786931200,1994-12-09,"Dec 09, 1994",,,UNKNOWN,29,Sega Mega Drive/Genesis
42456,760060800,1994-02-01,"Feb 01, 1994",,,UNKNOWN,19,Super Nintendo Entertainment System
147969,1613174400,2021-02-13,"Feb 13, 2021",,,UNKNOWN,130,Nintendo Switch
147969,1668643200,2022-11-17,"Nov 17, 2022",8,Worldwide,WW,3,Linux
147969,1668643200,2022-11-17,"Nov 17, 2022",8,Worldwide,WW,6,PC (Microsoft Windows)
9151,888710400,1998-03-01,"Mar 01, 1998",,,UNKNOWN,58,Super Famicom
9151,782956800,1994-10-24,"Oct 24, 1994",,,UNKNOWN,19,Super Nintendo Entertainment System
9151,1461801600,2016-04-28,"Apr 28, 2016",,,UNKNOWN,137,New Nintendo 3DS
9151,1462406400,2016-05-05,"May 05, 2016",,,UNKNOWN,137,New Nintendo 3DS
9151,,,TBD,,,UNKNOWN,19,Super Nintendo Entertainment System
9151,791078400,1995-01-26,"Jan 26, 1995",,,UNKNOWN,19,Super Nintendo Entertainment System
9151,1237507200,2009-03-20,"Mar 20, 2009",,,UNKNOWN,5,Wii
9151,1238371200,2009-03-30,"Mar 30, 2009",,,UNKNOWN,5,Wii
9151,1397001600,2014-04-09,"Apr 09, 2014",,,UNKNOWN,41,Wii U
9151,1388620800,2014-01-02,"Jan 02, 2014",,,UNKNOWN,41,Wii U
9151,1402531200,2014-06-12,"Jun 12, 2014",,,UNKNOWN,41,Wii U
9151,1246924800,2009-07-07,"Jul 07, 2009",,,UNKNOWN,5,Wii
9619,1460592000,2016-04-14,"Apr 14, 2016",,,UNKNOWN,137,New Nintendo 3DS
9619,1456963200,2016-03-03,"Mar 03, 2016",,,UNKNOWN,137,New Nintendo 3DS
9619,661737600,1990-12-21,"Dec 21, 1990",,,UNKNOWN,58,Super Famicom
9619,744163200,1993-08-01,Aug 1993,,,UNKNOWN,19,Super Nintendo Entertainment System
9619,682905600,1991-08-23,"Aug 23, 1991",,,UNKNOWN,19,Super Nintendo Entertainment System
9619,1261958400,2009-12-28,"Dec 28, 2009",,,UNKNOWN,5,Wii
9619,1250812800,2009-08-21,"Aug 21, 2009",,,UNKNOWN,5,Wii
9619,1270512000,2010-04-06,"Apr 06, 2010",,,UNKNOWN,5,Wii
9619,1369785600,2013-05-29,"May 29, 2013",,,UNKNOWN,41,Wii U
9619,1372896000,2013-07-04,"Jul 04, 2013",,,UNKNOWN,41,Wii U
44418,805075200,1995-07-07,"Jul 07, 1995",,,UNKNOWN,58,Super Famicom
265033,725760000,1992-12-31,1992,,,UNKNOWN,18,Nintendo Entertainment System
265033,715305600,1992-09-01,Sep 1992,2,Korea,KR,18,Nintendo Entertainment System
112875,1726704000,2024-09-19,"Sep 19, 2024",,,UNKNOWN,6,PC (Microsoft Windows)
112875,1667952000,2022-11-09,"Nov 09, 2022",,,UNKNOWN,48,PlayStation 4
112875,1667952000,2022-11-09,"Nov 09, 2022",,,UNKNOWN,167,PlayStation 5
1656,1474502400,2016-09-22,"Sep 22, 2016",,,UNKNOWN,137,New Nintendo 3DS
1656,1473292800,2016-09-08,"Sep 08, 2016",,,UNKNOWN,137,New Nintendo 3DS
1656,738028800,1993-05-22,"May 22, 1993",,,UNKNOWN,58,Super Famicom
1656,754704000,1993-12-01,Dec 1993,,,UNKNOWN,19,Super Nintendo Entertainment System
1656,745372800,1993-08-15,"Aug 15, 1993",,,UNKNOWN,19,Super Nintendo Entertainment System
1656,1255305600,2009-10-12,"Oct 12, 2009",,,UNKNOWN,5,Wii
1656,1255046400,2009-10-09,"Oct 09, 2009",,,UNKNOWN,5,Wii
1656,1380758400,2013-10-03,"Oct 03, 2013",,,UNKNOWN,41,Wii U
1656,1409097600,2014-08-27,"Aug 27, 2014",,,UNKNOWN,41,Wii U
1656,775699200,1994-08-01,Aug 1994,,,UNKNOWN,19,Super Nintendo Entertainment System
6349,1035331200,2002-10-23,"Oct 23, 2002",,,UNKNOWN,24,Game Boy Advance
6349,1035158400,2002-10-21,"Oct 21, 2002",,,UNKNOWN,24,Game Boy Advance
6349,820368000,1995-12-31,1995,,,UNKNOWN,19,Super Nintendo Entertainment System
6349,782697600,1994-10-21,"Oct 21, 1994",,,UNKNOWN,58,Super Famicom
6349,778377600,1994-09-01,Sep 1994,,,UNKNOWN,19,Super Nintendo Entertainment System
6349,883526400,1997-12-31,1997,,,UNKNOWN,306,Satellaview
38389,764553600,1994-03-25,"Mar 25, 1994",,,UNKNOWN,58,Super Famicom
95412,786931200,1994-12-09,"Dec 09, 1994",,,UNKNOWN,58,Super Famicom
4514,717292800,1992-09-24,"Sep 24, 1992",,,UNKNOWN,79,Neo Geo MVS
4514,1193961600,2007-11-02,"Nov 02, 2007",,,UNKNOWN,5,Wii
4514,724032000,1992-12-11,"Dec 11, 1992",,,UNKNOWN,80,Neo Geo AES
4514,717292800,1992-09-24,"Sep 24, 1992",,,UNKNOWN,52,Arcade
4514,717292800,1992-09-24,"Sep 24, 1992",,,UNKNOWN,80,Neo Geo AES
4514,1292889600,2010-12-21,"Dec 21, 2010",,,UNKNOWN,38,PlayStation Portable
4514,1292889600,2010-12-21,"Dec 21, 2010",,,UNKNOWN,9,PlayStation 3
4514,724032000,1992-12-11,"Dec 11, 1992",,,UNKNOWN,79,Neo Geo MVS
4514,1505952000,2017-09-21,"Sep 21, 2017",,,UNKNOWN,130,Nintendo Switch
4514,758505600,1994-01-14,"Jan 14, 1994",8,Worldwide,WW,29,Sega Mega Drive/Genesis
4514,754704000,1993-12-01,"Dec 01, 1993",,,UNKNOWN,19,Super Nintendo Entertainment System
4514,764640000,1994-03-26,"Mar 26, 1994",,,UNKNOWN,150,Turbografx-16/PC Engine CD
4514,757296000,1993-12-31,1993,,,UNKNOWN,19,Super Nintendo Entertainment System
4514,1513209600,2017-12-14,"Dec 14, 2017",,,UNKNOWN,6,PC (Microsoft Windows)
4514,1490227200,2017-03-23,"Mar 23, 2017",,,UNKNOWN,49,Xbox One
4514,1191888000,2007-10-09,"Oct 09, 2007",,,UNKNOWN,5,Wii
4514,1292889600,2010-12-21,"Dec 21, 2010",,,UNKNOWN,46,PlayStation Vita
4514,1492646400,2017-04-20,"Apr 20, 2017",,,UNKNOWN,48,PlayStation 4
4514,751852800,1993-10-29,"Oct 29, 1993",,,UNKNOWN,58,Super Famicom
4514,1191801600,2007-10-08,"Oct 08, 2007",,,UNKNOWN,5,Wii
4514,779068800,1994-09-09,"Sep 09, 1994",,,UNKNOWN,136,Neo Geo CD
38320,1266278400,2010-02-16,"Feb 16, 2010",,,UNKNOWN,5,Wii
38320,1380672000,2013-10-02,"Oct 02, 2013",,,UNKNOWN,41,Wii U
38320,893980800,1998-05-01,"May 01, 1998",5,Japan,JP,58,Super Famicom
243989,788832000,1994-12-31,1994,5,Japan,JP,118,FM Towns
45227,857088000,1997-02-28,"Feb 28, 1997",,,UNKNOWN,7,PlayStation
228792,788918400,1995-01-01,"Jan 01, 1995",,,UNKNOWN,35,Sega Game Gear
81467,801187200,1995-05-23,"May 23, 1995",1,Europe,EU,19,Super Nintendo Entertainment System
81467,780969600,1994-10-01,"Oct 01, 1994",2,Korea,KR,19,Super Nintendo Entertainment System
242267,754704000,1993-12-01,"Dec 01, 1993",,,UNKNOWN,19,Super Nintendo Entertainment System
242267,778377600,1994-09-01,Sep 1994,,,UNKNOWN,19,Super Nintendo Entertainment System
242267,788832000,1994-12-31,1994,,,UNKNOWN,29,Sega Mega Drive/Genesis
242267,773020800,1994-07-01,Jul 1994,,,UNKNOWN,19,Super Nintendo Entertainment System
242267,754704000,1993-12-01,Dec 1993,,,UNKNOWN,29,Sega Mega Drive/Genesis
18618,,,TBD,,,UNKNOWN,306,Satellaview
18618,799027200,1995-04-28,"Apr 28, 1995",,,UNKNOWN,58,Super Famicom
18618,813715200,1995-10-15,"Oct 15, 1995",,,UNKNOWN,19,Super Nintendo Entertainment System
18380,786758400,1994-12-07,"Dec 07, 1994",1,Europe,EU,13,DOS
18380,791596800,1995-02-01,Feb 1995,,,UNKNOWN,14,Mac
202585,791164800,1995-01-27,"Jan 27, 1995",,,UNKNOWN,33,Game Boy
37944,710121600,1992-07-03,"Jul 03, 1992",5,Japan,JP,58,Super Famicom
5550,893980800,1998-05-01,"May 01, 1998",,,UNKNOWN,7,PlayStation
5550,875145600,1997-09-25,"Sep 25, 1997",,,UNKNOWN,7,PlayStation
5550,850435200,1996-12-13,"Dec 13, 1996",,,UNKNOWN,32,Sega Saturn
5550,812937600,1995-10-06,"Oct 06, 1995",,,UNKNOWN,58,Super Famicom
5550,1234224000,2009-02-10,"Feb 10, 2009",,,UNKNOWN,5,Wii
38185,817776000,1995-12-01,Dec 1995,,,UNKNOWN,306,Satellaview
38185,819590400,1995-12-22,"Dec 22, 1995",,,UNKNOWN,58,Super Famicom
15833,831254400,1996-05-05,"May 05, 1996",,,UNKNOWN,306,Satellaview
15833,915062400,1998-12-31,1998,,,UNKNOWN,32,Sega Saturn
15833,826848000,1996-03-15,"Mar 15, 1996",,,UNKNOWN,58,Super Famicom
42623,767318400,1994-04-26,"Apr 26, 1994",,,UNKNOWN,19,Super Nintendo Entertainment System
42623,753753600,1993-11-20,"Nov 20, 1993",,,UNKNOWN,19,Super Nintendo Entertainment System
42736,754272000,1993-11-26,"Nov 26, 1993",5,Japan,JP,58,Super Famicom
42736,760060800,1994-02-01,"Feb 01, 1994",2,Korea,KR,19,Super Nintendo Entertainment System
42736,783561600,1994-10-31,"Oct 31, 1994",1,Europe,EU,19,Super Nintendo Entertainment System
42736,849398400,1996-12-01,Dec 1996,,,UNKNOWN,19,Super Nintendo Entertainment System
18613,747273600,1993-09-06,"Sep 06, 1993",,,UNKNOWN,19,Super Nintendo Entertainment System
18613,740966400,1993-06-25,"Jun 25, 1993",,,UNKNOWN,19,Super Nintendo Entertainment System
324956,763603200,1994-03-14,"Mar 14, 1994",5,Japan,JP,150,Turbografx-16/PC Engine CD
324956,1203379200,2008-02-19,"Feb 19, 2008",5,Japan,JP,5,Wii
11313,816048000,1995-11-11,"Nov 11, 1995",,,UNKNOWN,58,Super Famicom
11313,1285027200,2010-09-21,"Sep 21, 2010",,,UNKNOWN,5,Wii
37982,791769600,1995-02-03,"Feb 03, 1995",,,UNKNOWN,58,Super Famicom
217684,725760000,1992-12-31,1992,,,UNKNOWN,411,Handheld Electronic LCD
42348,762739200,1994-03-04,"Mar 04, 1994",,,UNKNOWN,58,Super Famicom
215181,858297600,1997-03-14,"Mar 14, 1997",5,Japan,JP,58,Super Famicom
42342,793584000,1995-02-24,"Feb 24, 1995",,,UNKNOWN,58,Super Famicom
4259,820368000,1995-12-31,1995,,,UNKNOWN,50,3DO Interactive Multiplayer
4259,785116800,1994-11-18,"Nov 18, 1994",,,UNKNOWN,13,DOS
4259,799286400,1995-05-01,May 1995,,,UNKNOWN,52,Arcade
4259,785116800,1994-11-18,"Nov 18, 1994",,,UNKNOWN,16,Amiga
4259,785116800,1994-11-18,"Nov 18, 1994",,,UNKNOWN,114,Amiga CD32
4259,791596800,1995-02-01,Feb 1995,,,UNKNOWN,29,Sega Mega Drive/Genesis
4259,,,TBD,,,UNKNOWN,117,Philips CD-i
4259,,,TBD,,,UNKNOWN,19,Super Nintendo Entertainment System
42490,825638400,1996-03-01,Mar 1996,,,UNKNOWN,19,Super Nintendo Entertainment System
42490,785376000,1994-11-21,"Nov 21, 1994",,,UNKNOWN,19,Super Nintendo Entertainment System
42490,794880000,1995-03-11,"Mar 11, 1995",,,UNKNOWN,19,Super Nintendo Entertainment System
2162,1256860800,2009-10-30,"Oct 30, 2009",,,UNKNOWN,5,Wii
2162,748828800,1993-09-24,"Sep 24, 1993",,,UNKNOWN,29,Sega Mega Drive/Genesis
2162,748828800,1993-09-24,"Sep 24, 1993",,,UNKNOWN,19,Super Nintendo Entertainment System
2162,1256515200,2009-10-26,"Oct 26, 2009",,,UNKNOWN,5,Wii
198801,788832000,1994-12-31,1994,,,UNKNOWN,411,Handheld Electronic LCD
1124,1473292800,2016-09-08,"Sep 08, 2016",,,UNKNOWN,137,New Nintendo 3DS
1124,1476921600,2016-10-20,"Oct 20, 2016",,,UNKNOWN,137,New Nintendo 3DS
1124,688867200,1991-10-31,"Oct 31, 1991",,,UNKNOWN,58,Super Famicom
1124,722476800,1992-11-23,"Nov 23, 1992",,,UNKNOWN,19,Super Nintendo Entertainment System
1124,691804800,1991-12-04,"Dec 04, 1991",,,UNKNOWN,19,Super Nintendo Entertainment System
1124,1167350400,2006-12-29,"Dec 29, 2006",,,UNKNOWN,5,Wii
1124,1165017600,2006-12-02,"Dec 02, 2006",,,UNKNOWN,5,Wii
1124,1167004800,2006-12-25,"Dec 25, 2006",,,UNKNOWN,5,Wii
1124,1383177600,2013-10-31,"Oct 31, 2013",,,UNKNOWN,41,Wii U
1124,1378857600,2013-09-11,"Sep 11, 2013",,,UNKNOWN,41,Wii U
84918,1432166400,2015-05-21,"May 21, 2015",,,UNKNOWN,41,Wii U
84918,688348800,1991-10-25,"Oct 25, 1991",,,UNKNOWN,58,Super Famicom
84918,1288310400,2010-10-29,"Oct 29, 2010",,,UNKNOWN,5,Wii
84918,1294704000,2011-01-11,"Jan 11, 2011",,,UNKNOWN,5,Wii
84918,725760000,1992-12-31,1992,1,Europe,EU,19,Super Nintendo Entertainment System
84918,1325289600,2011-12-31,2011,8,Worldwide,WW,39,iOS
84918,1440547200,2015-08-26,"Aug 26, 2015",5,Japan,JP,41,Wii U
84918,872985600,1997-08-31,"Aug 31, 1997",,,UNKNOWN,306,Satellaview
84918,1310601600,2011-07-14,"Jul 14, 2011",,,UNKNOWN,5,Wii
84918,696902400,1992-02-01,Feb 1992,2,Korea,KR,19,Super Nintendo Entertainment System
39039,757296000,1993-12-31,1993,2,Korea,KR,19,Super Nintendo Entertainment System
39039,725760000,1992-12-31,1992,8,Worldwide,WW,114,Amiga CD32
1178,793584000,1995-02-24,"Feb 24, 1995",,,UNKNOWN,58,Super Famicom
1178,830908800,1996-05-01,May 1996,,,UNKNOWN,19,Super Nintendo Entertainment System
1178,883526400,1997-12-31,1997,,,UNKNOWN,19,Super Nintendo Entertainment System
42662,761529600,1994-02-18,"Feb 18, 1994",,,UNKNOWN,19,Super Nintendo Entertainment System
42662,788918400,1995-01-01,"Jan 01, 1995",,,UNKNOWN,19,Super Nintendo Entertainment System
42662,778377600,1994-09-01,Sep 1994,,,UNKNOWN,58,Super Famicom
42612,1273795200,2010-05-14,"May 14, 2010",,,UNKNOWN,5,Wii
42612,786240000,1994-12-01,"Dec 01, 1994",,,UNKNOWN,19,Super Nintendo Entertainment System
42612,1264377600,2010-01-25,"Jan 25, 2010",2,Korea,KR,5,Wii
42612,1273795200,2010-05-14,"May 14, 2010",1,Europe,EU,5,Wii
37791,822009600,1996-01-19,"Jan 19, 1996",,,UNKNOWN,58,Super Famicom
37791,820454400,1996-01-01,Jan 1996,,,UNKNOWN,306,Satellaview
65990,441676800,1983-12-31,1983,,,UNKNOWN,59,Atari 2600
38125,826848000,1996-03-15,"Mar 15, 1996",,,UNKNOWN,58,Super Famicom
7804,741484800,1993-07-01,Jul 1993,,,UNKNOWN,29,Sega Mega Drive/Genesis
7804,736214400,1993-05-01,May 1993,,,UNKNOWN,19,Super Nintendo Entertainment System
7804,744163200,1993-08-01,Aug 1993,,,UNKNOWN,29,Sega Mega Drive/Genesis
7804,754704000,1993-12-01,"Dec 01, 1993",,,UNKNOWN,19,Super Nintendo Entertainment System
7804,757296000,1993-12-31,1993,,,UNKNOWN,29,Sega Mega Drive/Genesis
7804,757296000,1993-12-31,1993,,,UNKNOWN,19,Super Nintendo Entertainment System
7804,751766400,1993-10-28,"Oct 28, 1993",,,UNKNOWN,19,Super Nintendo Entertainment System
7804,771811200,1994-06-17,"Jun 17, 1994",,,UNKNOWN,58,Super Famicom
27525,757296000,1993-12-31,1993,,,UNKNOWN,13,DOS
27525,849398400,1996-12-01,Dec 1996,,,UNKNOWN,19,Super Nintendo Entertainment System
27525,757296000,1993-12-31,1993,,,UNKNOWN,19,Super Nintendo Entertainment System
27525,788832000,1994-12-31,1994,,,UNKNOWN,33,Game Boy
231006,873072000,1997-09-01,Sep 1997,,,UNKNOWN,64,Sega Master System/Mark III
218750,694137600,1991-12-31,1991,,,UNKNOWN,29,Sega Mega Drive/Genesis
217942,788832000,1994-12-31,1994,,,UNKNOWN,411,Handheld Electronic LCD
11665,788832000,1994-12-31,1994,,,UNKNOWN,19,Super Nintendo Entertainment System
11665,762480000,1994-03-01,"Mar 01, 1994",,,UNKNOWN,19,Super Nintendo Entertainment System
9861,784512000,1994-11-11,"Nov 11, 1994",,,UNKNOWN,58,Super Famicom
9861,809913600,1995-09-01,Sep 1995,,,UNKNOWN,19,Super Nintendo Entertainment System
9861,801964800,1995-06-01,Jun 1995,,,UNKNOWN,19,Super Nintendo Entertainment System
9861,801187200,1995-05-23,"May 23, 1995",,,UNKNOWN,19,Super Nintendo Entertainment System
4455,851990400,1996-12-31,1996,,,UNKNOWN,29,Sega Mega Drive/Genesis
4455,851990400,1996-12-31,1996,,,UNKNOWN,19,Super Nintendo Entertainment System
38161,795398400,1995-03-17,"Mar 17, 1995",,,UNKNOWN,58,Super Famicom
133313,849139200,1996-11-28,"Nov 28, 1996",1,Europe,EU,33,Game Boy
133313,838857600,1996-08-01,Aug 1996,2,Korea,KR,33,Game Boy
133313,851990400,1996-12-31,1996,10,Brazil,BR,33,Game Boy
3656,1177372800,2007-04-24,"Apr 24, 2007",5,Japan,JP,5,Wii
3656,1369267200,2013-05-23,"May 23, 2013",2,Korea,KR,41,Wii U
3656,1369267200,2013-05-23,"May 23, 2013",1,Europe,EU,41,Wii U
3656,799286400,1995-05-01,May 1995,,,UNKNOWN,19,Super Nintendo Entertainment System
3656,809222400,1995-08-24,"Aug 24, 1995",1,Europe,EU,19,Super Nintendo Entertainment System
3656,791596800,1995-02-01,Feb 1995,2,Korea,KR,19,Super Nintendo Entertainment System
3656,1185148800,2007-07-23,"Jul 23, 2007",2,Korea,KR,5,Wii
3656,1183075200,2007-06-29,"Jun 29, 2007",1,Europe,EU,5,Wii
3656,1367971200,2013-05-08,"May 08, 2013",5,Japan,JP,41,Wii U
3656,780105600,1994-09-21,"Sep 21, 1994",5,Japan,JP,58,Super Famicom
3656,1465430400,2016-06-09,"Jun 09, 2016",1,Europe,EU,137,New Nintendo 3DS
3656,1183075200,2007-06-29,"Jun 29, 2007",3,Japan,JP,5,Wii
3656,1235433600,2009-02-24,"Feb 24, 2009",9,Korea,KR,5,Wii
3656,1469577600,2016-07-27,"Jul 27, 2016",2,Korea,KR,137,New Nintendo 3DS
23091,1174608000,2007-03-23,"Mar 23, 2007",,,UNKNOWN,20,Nintendo DS
46231,788832000,1994-12-31,1994,,,UNKNOWN,13,DOS
46231,788832000,1994-12-31,1994,,,UNKNOWN,19,Super Nintendo Entertainment System
46231,760060800,1994-02-01,"Feb 01, 1994",,,UNKNOWN,29,Sega Mega Drive/Genesis
38374,787708800,1994-12-18,"Dec 18, 1994",,,UNKNOWN,58,Super Famicom
9633,813369600,1995-10-11,"Oct 11, 1995",,,UNKNOWN,306,Satellaview
9633,814147200,1995-10-20,"Oct 20, 1995",,,UNKNOWN,58,Super Famicom
9633,850953600,1996-12-19,"Dec 19, 1996",,,UNKNOWN,19,Super Nintendo Entertainment System
42423,812332800,1995-09-29,"Sep 29, 1995",,,UNKNOWN,58,Super Famicom
42423,,,TBD,,,UNKNOWN,306,Satellaview
174187,785721600,1994-11-25,"Nov 25, 1994",,,UNKNOWN,50,3DO Interactive Multiplayer
42621,779068800,1994-09-09,"Sep 09, 1994",5,Japan,JP,58,Super Famicom
42621,799286400,1995-05-01,May 1995,,,UNKNOWN,19,Super Nintendo Entertainment System
42621,854841600,1997-02-02,"Feb 02, 1997",,,UNKNOWN,306,Satellaview
8050,724636800,1992-12-18,"Dec 18, 1992",5,Japan,JP,58,Super Famicom
8050,725760000,1992-12-31,1992,,,UNKNOWN,19,Super Nintendo Entertainment System
8050,728524800,1993-02-01,Feb 1993,2,Korea,KR,19,Super Nintendo Entertainment System
8050,740880000,1993-06-24,"Jun 24, 1993",1,Europe,EU,19,Super Nintendo Entertainment System
153771,751852800,1993-10-29,"Oct 29, 1993",5,Japan,JP,58,Super Famicom
153771,751680000,1993-10-27,"Oct 27, 1993",1,Europe,EU,19,Super Nintendo Entertainment System
153771,725760000,1992-12-31,1992,2,Korea,KR,19,Super Nintendo Entertainment System
14531,849398400,1996-12-01,Dec 1996,,,UNKNOWN,19,Super Nintendo Entertainment System
14531,915062400,1998-12-31,1998,,,UNKNOWN,19,Super Nintendo Entertainment System
14531,806630400,1995-07-25,"Jul 25, 1995",,,UNKNOWN,19,Super Nintendo Entertainment System
14531,788745600,1994-12-30,"Dec 30, 1994",,,UNKNOWN,19,Super Nintendo Entertainment System
14531,788832000,1994-12-31,1994,,,UNKNOWN,19,Super Nintendo Entertainment System
14531,851990400,1996-12-31,1996,,,UNKNOWN,19,Super Nintendo Entertainment System
14531,878342400,1997-11-01,Nov 1997,,,UNKNOWN,19,Super Nintendo Entertainment System
4509,788832000,1994-12-31,1994,,,UNKNOWN,13,DOS
4509,788832000,1994-12-31,1994,,,UNKNOWN,29,Sega Mega Drive/Genesis
4509,788832000,1994-12-31,1994,,,UNKNOWN,19,Super Nintendo Entertainment System
174910,710121600,1992-07-03,"Jul 03, 1992",5,Japan,JP,58,Super Famicom
174910,710035200,1992-07-02,"Jul 02, 1992",1,Europe,EU,19,Super Nintendo Entertainment System
10162,,,TBD,10,Brazil,BR,29,Sega Mega Drive/Genesis
10162,796694400,1995-04-01,Apr 1995,2,Korea,KR,19,Super Nintendo Entertainment System
10162,809913600,1995-09-01,Sep 1995,10,Brazil,BR,19,Super Nintendo Entertainment System
10162,820368000,1995-12-31,1995,1,Europe,EU,19,Super Nintendo Entertainment System
10162,801446400,1995-05-26,"May 26, 1995",5,Japan,JP,58,Super Famicom
10162,820368000,1995-12-31,1995,,,UNKNOWN,29,Sega Mega Drive/Genesis
10162,794016000,1995-03-01,Mar 1995,10,Brazil,BR,29,Sega Mega Drive/Genesis
4546,813974400,1995-10-18,"Oct 18, 1995",,,UNKNOWN,7,PlayStation
4546,820368000,1995-12-31,1995,,,UNKNOWN,30,Sega 32X
4546,820368000,1995-12-31,1995,,,UNKNOWN,13,DOS
4546,851990400,1996-12-31,1996,,,UNKNOWN,32,Sega Saturn
4546,820368000,1995-12-31,1995,,,UNKNOWN,29,Sega Mega Drive/Genesis
4546,883526400,1997-12-31,1997,,,UNKNOWN,6,PC (Microsoft Windows)
4546,820368000,1995-12-31,1995,,,UNKNOWN,19,Super Nintendo Entertainment System
4546,815184000,1995-11-01,Nov 1995,,,UNKNOWN,7,PlayStation
4546,822614400,1996-01-26,"Jan 26, 1996",,,UNKNOWN,7,PlayStation
4546,825638400,1996-03-01,"Mar 01, 1996",,,UNKNOWN,19,Super Nintendo Entertainment System
4546,839548800,1996-08-09,"Aug 09, 1996",,,UNKNOWN,32,Sega Saturn
4546,820368000,1995-12-31,1995,,,UNKNOWN,52,Arcade
1357,662601600,1990-12-31,1990,,,UNKNOWN,63,Atari ST/STE
1357,680486400,1991-07-26,"Jul 26, 1991",,,UNKNOWN,58,Super Famicom
1357,662601600,1990-12-31,1990,,,UNKNOWN,16,Amiga
1357,725760000,1992-12-31,1992,,,UNKNOWN,19,Super Nintendo Entertainment System
1357,683683200,1991-09-01,Sep 1991,,,UNKNOWN,19,Super Nintendo Entertainment System
1357,620524800,1989-08-31,"Aug 31, 1989",,,UNKNOWN,52,Arcade
76999,,,TBD,5,Japan,JP,58,Super Famicom
76999,723168000,1992-12-01,Dec 1992,2,Korea,KR,19,Super Nintendo Entertainment System
136206,1098403200,2004-10-22,"Oct 22, 2004",,,UNKNOWN,24,Game Boy Advance
219488,1027036800,2002-07-19,"Jul 19, 2002",5,Japan,JP,24,Game Boy Advance
219488,1032739200,2002-09-23,"Sep 23, 2002",2,Korea,KR,24,Game Boy Advance
219488,1033084800,2002-09-27,"Sep 27, 2002",1,Europe,EU,24,Game Boy Advance
219488,1424304000,2015-02-19,"Feb 19, 2015",5,Japan,JP,41,Wii U
74492,1508112000,2017-10-16,"Oct 16, 2017",5,Japan,JP,6,PC (Microsoft Windows)
15834,806889600,1995-07-28,"Jul 28, 1995",,,UNKNOWN,58,Super Famicom
15834,759715200,1994-01-28,"Jan 28, 1994",,,UNKNOWN,150,Turbografx-16/PC Engine CD
19712,793497600,1995-02-23,"Feb 23, 1995",2,Korea,KR,29,Sega Mega Drive/Genesis
19712,758764800,1994-01-17,"Jan 17, 1994",2,Korea,KR,52,Arcade
19712,851990400,1996-12-31,1996,2,Korea,KR,62,Atari Jaguar
19712,820368000,1995-12-31,1995,1,Europe,EU,13,DOS
19712,820368000,1995-12-31,1995,2,Korea,KR,13,DOS
19712,832291200,1996-05-17,"May 17, 1996",5,Japan,JP,7,PlayStation
19712,820368000,1995-12-31,1995,2,Korea,KR,30,Sega 32X
19712,810172800,1995-09-04,"Sep 04, 1995",2,Korea,KR,7,PlayStation
19712,820454400,1996-01-01,Jan 1996,1,Europe,EU,7,PlayStation
19712,817516800,1995-11-28,"Nov 28, 1995",2,Korea,KR,32,Sega Saturn
19712,817776000,1995-12-01,"Dec 01, 1995",5,Japan,JP,32,Sega Saturn
19712,793497600,1995-02-23,"Feb 23, 1995",2,Korea,KR,19,Super Nintendo Entertainment System
19712,809913600,1995-09-01,"Sep 01, 1995",5,Japan,JP,30,Sega 32X
19712,788832000,1994-12-31,1994,10,Brazil,BR,29,Sega Mega Drive/Genesis
19712,817776000,1995-12-01,"Dec 01, 1995",1,Europe,EU,32,Sega Saturn
19712,793584000,1995-02-24,"Feb 24, 1995",5,Japan,JP,58,Super Famicom
19712,820368000,1995-12-31,1995,9,Korea,KR,19,Super Nintendo Entertainment System
10843,809913600,1995-09-01,Sep 1995,,,UNKNOWN,19,Super Nintendo Entertainment System
10843,781833600,1994-10-11,"Oct 11, 1994",,,UNKNOWN,19,Super Nintendo Entertainment System
10843,1258329600,2009-11-16,"Nov 16, 2009",,,UNKNOWN,5,Wii
10843,1271980800,2010-04-23,"Apr 23, 2010",,,UNKNOWN,5,Wii
1092,817776000,1995-12-01,Dec 1995,,,UNKNOWN,19,Super Nintendo Entertainment System
1092,816912000,1995-11-21,"Nov 21, 1995",,,UNKNOWN,58,Super Famicom
1092,851990400,1996-12-31,1996,,,UNKNOWN,19,Super Nintendo Entertainment System
1092,897868800,1998-06-15,"Jun 15, 1998",,,UNKNOWN,19,Super Nintendo Entertainment System
1092,818899200,1995-12-14,"Dec 14, 1995",,,UNKNOWN,19,Super Nintendo Entertainment System
1092,820368000,1995-12-31,1995,,,UNKNOWN,19,Super Nintendo Entertainment System
1092,1458777600,2016-03-24,"Mar 24, 2016",,,UNKNOWN,137,New Nintendo 3DS
1092,1460505600,2016-04-13,"Apr 13, 2016",,,UNKNOWN,137,New Nintendo 3DS
1092,1179273600,2007-05-16,"May 16, 2007",,,UNKNOWN,5,Wii
1092,1227571200,2008-11-25,"Nov 25, 2008",,,UNKNOWN,5,Wii
1092,1424908800,2015-02-26,"Feb 26, 2015",,,UNKNOWN,41,Wii U
1092,1193097600,2007-10-23,"Oct 23, 2007",,,UNKNOWN,5,Wii
1092,1179705600,2007-05-21,"May 21, 2007",,,UNKNOWN,5,Wii
1092,1414022400,2014-10-23,"Oct 23, 2014",,,UNKNOWN,41,Wii U
15889,731289600,1993-03-05,"Mar 05, 1993",,,UNKNOWN,58,Super Famicom
15889,1287446400,2010-10-19,"Oct 19, 2010",,,UNKNOWN,5,Wii
15889,891129600,1998-03-29,"Mar 29, 1998",,,UNKNOWN,306,Satellaview
15889,1438128000,2015-07-29,"Jul 29, 2015",,,UNKNOWN,41,Wii U
46681,725760000,1992-12-31,1992,,,UNKNOWN,29,Sega Mega Drive/Genesis
46681,725760000,1992-12-31,1992,,,UNKNOWN,19,Super Nintendo Entertainment System
46681,725760000,1992-12-31,1992,,,UNKNOWN,35,Sega Game Gear
32601,1476835200,2016-10-19,"Oct 19, 2016",,,UNKNOWN,6,PC (Microsoft Windows)
167154,,,TBD,,,UNKNOWN,52,Arcade
135268,1539302400,2018-10-12,"Oct 12, 2018",,,UNKNOWN,4,Nintendo 64
136080,1571356800,2019-10-18,"Oct 18, 2019",,,UNKNOWN,48,PlayStation 4
136080,1571270400,2019-10-17,"Oct 17, 2019",,,UNKNOWN,49,Xbox One
1726,1048204800,2003-03-21,"Mar 21, 2003",,,UNKNOWN,24,Game Boy Advance
1726,1047427200,2003-03-12,"Mar 12, 2003",,,UNKNOWN,24,Game Boy Advance
1726,893376000,1998-04-24,"Apr 24, 1998",,,UNKNOWN,58,Super Famicom
1726,1028937600,2002-08-10,"Aug 10, 2002",,,UNKNOWN,24,Game Boy Advance
1726,1423958400,2015-02-15,"Feb 15, 2015",,,UNKNOWN,41,Wii U
1726,1430956800,2015-05-07,"May 07, 2015",,,UNKNOWN,41,Wii U
1726,1439424000,2015-08-13,"Aug 13, 2015",,,UNKNOWN,41,Wii U
243989,788832000,1994-12-31,1994,,,UNKNOWN,118,FM Towns
81467,801187200,1995-05-23,"May 23, 1995",,,UNKNOWN,19,Super Nintendo Entertainment System
81467,780969600,1994-10-01,"Oct 01, 1994",,,UNKNOWN,19,Super Nintendo Entertainment System
84918,725760000,1992-12-31,1992,,,UNKNOWN,19,Super Nintendo Entertainment System
84918,1325289600,2011-12-31,2011,,,UNKNOWN,39,iOS
84918,1440547200,2015-08-26,"Aug 26, 2015",,,UNKNOWN,41,Wii U
84918,696902400,1992-02-01,Feb 1992,,,UNKNOWN,19,Super Nintendo Entertainment System
219488,1027036800,2002-07-19,"Jul 19, 2002",,,UNKNOWN,24,Game Boy Advance
219488,1032739200,2002-09-23,"Sep 23, 2002",,,UNKNOWN,24,Game Boy Advance
219488,1033084800,2002-09-27,"Sep 27, 2002",,,UNKNOWN,24,Game Boy Advance
219488,1424304000,2015-02-19,"Feb 19, 2015",,,UNKNOWN,41,Wii U
74492,1508112000,2017-10-16,"Oct 16, 2017",,,UNKNOWN,6,PC (Microsoft Windows)
19712,793497600,1995-02-23,"Feb 23, 1995",,,UNKNOWN,29,Sega Mega Drive/Genesis
19712,758764800,1994-01-17,"Jan 17, 1994",,,UNKNOWN,52,Arcade
19712,851990400,1996-12-31,1996,,,UNKNOWN,62,Atari Jaguar
19712,820368000,1995-12-31,1995,,,UNKNOWN,13,DOS
19712,832291200,1996-05-17,"May 17, 1996",,,UNKNOWN,7,PlayStation
19712,820368000,1995-12-31,1995,,,UNKNOWN,30,Sega 32X
19712,810172800,1995-09-04,"Sep 04, 1995",,,UNKNOWN,7,PlayStation
19712,820454400,1996-01-01,Jan 1996,,,UNKNOWN,7,PlayStation
19712,817516800,1995-11-28,"Nov 28, 1995",,,UNKNOWN,32,Sega Saturn
19712,817776000,1995-12-01,"Dec 01, 1995",,,UNKNOWN,32,Sega Saturn
19712,793497600,1995-02-23,"Feb 23, 1995",,,UNKNOWN,19,Super Nintendo Entertainment System
19712,809913600,1995-09-01,"Sep 01, 1995",,,UNKNOWN,30,Sega 32X
19712,788832000,1994-12-31,1994,,,UNKNOWN,29,Sega Mega Drive/Genesis
19712,793584000,1995-02-24,"Feb 24, 1995",,,UNKNOWN,58,Super Famicom
19712,820368000,1995-12-31,1995,,,UNKNOWN,19,Super Nintendo Entertainment System
198028,,,TBD,,,UNKNOWN,55,Legacy Mobile Device
198028,1104451200,2004-12-31,2004,,,UNKNOWN,55,Legacy Mobile Device
198028,1070236800,2003-12-01,"Dec 01, 2003",,,UNKNOWN,55,Legacy Mobile Device
198028,1100304000,2004-11-13,"Nov 13, 2004",,,UNKNOWN,55,Legacy Mobile Device
42447,817776000,1995-12-01,"Dec 01, 1995",,,UNKNOWN,19,Super Nintendo Entertainment System
42447,1222646400,2008-09-29,"Sep 29, 2008",2,Korea,KR,5,Wii
1103,775699200,1994-08-01,Aug 1994,,,UNKNOWN,19,Super Nintendo Entertainment System
1103,766627200,1994-04-18,"Apr 18, 1994",,,UNKNOWN,19,Super Nintendo Entertainment System
1103,775353600,1994-07-28,"Jul 28, 1994",,,UNKNOWN,19,Super Nintendo Entertainment System
1103,1187568000,2007-08-20,"Aug 20, 2007",,,UNKNOWN,5,Wii
1103,1190246400,2007-09-20,"Sep 20, 2007",,,UNKNOWN,5,Wii
1103,1209168000,2008-04-26,"Apr 26, 2008",,,UNKNOWN,5,Wii
1103,1192147200,2007-10-12,"Oct 12, 2007",,,UNKNOWN,5,Wii
1103,1368662400,2013-05-16,"May 16, 2013",,,UNKNOWN,41,Wii U
1103,1460592000,2016-04-14,"Apr 14, 2016",,,UNKNOWN,137,New Nintendo 3DS
1103,851990400,1996-12-31,1996,,,UNKNOWN,19,Super Nintendo Entertainment System
1103,878342400,1997-11-01,Nov 1997,,,UNKNOWN,19,Super Nintendo Entertainment System
1103,1368576000,2013-05-15,"May 15, 2013",,,UNKNOWN,41,Wii U
1103,764035200,1994-03-19,"Mar 19, 1994",,,UNKNOWN,58,Super Famicom
1026,746668800,1993-08-30,"Aug 30, 1993",,,UNKNOWN,19,Super Nintendo Entertainment System
1026,703123200,1992-04-13,"Apr 13, 1992",,,UNKNOWN,19,Super Nintendo Entertainment System
1026,725760000,1992-12-31,1992,,,UNKNOWN,19,Super Nintendo Entertainment System
1026,717292800,1992-09-24,"Sep 24, 1992",,,UNKNOWN,19,Super Nintendo Entertainment System
1026,1457049600,2016-03-04,"Mar 04, 2016",,,UNKNOWN,137,New Nintendo 3DS
1026,1174608000,2007-03-23,"Mar 23, 2007",,,UNKNOWN,5,Wii
1026,1169424000,2007-01-22,"Jan 22, 2007",,,UNKNOWN,5,Wii
1026,857260800,1997-03-02,"Mar 02, 1997",,,UNKNOWN,306,Satellaview
1026,690681600,1991-11-21,"Nov 21, 1991",,,UNKNOWN,58,Super Famicom
1026,1213056000,2008-06-10,"Jun 10, 2008",,,UNKNOWN,5,Wii
1026,1165017600,2006-12-02,"Dec 02, 2006",,,UNKNOWN,5,Wii
1026,1386806400,2013-12-12,"Dec 12, 2013",,,UNKNOWN,41,Wii U
1026,1392163200,2014-02-12,"Feb 12, 2014",,,UNKNOWN,41,Wii U
1026,1391040000,2014-01-30,"Jan 30, 2014",,,UNKNOWN,41,Wii U
1026,1460592000,2016-04-14,"Apr 14, 2016",,,UNKNOWN,137,New Nintendo 3DS
1026,1457568000,2016-03-10,"Mar 10, 2016",,,UNKNOWN,137,New Nintendo 3DS
329147,1737590400,2025-01-23,"Jan 23, 2025",,,UNKNOWN,6,PC (Microsoft Windows)
329147,1737590400,2025-01-23,"Jan 23, 2025",,,UNKNOWN,14,Mac
329147,1737590400,2025-01-23,"Jan 23, 2025",,,UNKNOWN,3,Linux
159110,1299715200,2011-03-10,"Mar 10, 2011",,,UNKNOWN,38,PlayStation Portable
55092,1518652800,2018-02-15,"Feb 15, 2018",,,UNKNOWN,46,PlayStation Vita
55092,1518652800,2018-02-15,"Feb 15, 2018",,,UNKNOWN,48,PlayStation 4
55092,1518652800,2018-02-15,"Feb 15, 2018",,,UNKNOWN,6,PC (Microsoft Windows)
11616,,,TBD,5,Japan,JP,306,Satellaview
11616,696816000,1992-01-31,"Jan 31, 1992",5,Japan,JP,58,Super Famicom
11616,722822400,1992-11-27,"Nov 27, 1992",2,Korea,KR,19,Super Nintendo Entertainment System
11616,759628800,1994-01-27,"Jan 27, 1994",1,Europe,EU,19,Super Nintendo Entertainment System
11616,759628800,1994-01-27,"Jan 27, 1994",3,Japan,JP,19,Super Nintendo Entertainment System
11616,759628800,1994-01-27,"Jan 27, 1994",4,Europe,EU,19,Super Nintendo Entertainment System
48939,1255651200,2009-10-16,"Oct 16, 2009",,,UNKNOWN,5,Wii
48939,809913600,1995-09-01,Sep 1995,,,UNKNOWN,19,Super Nintendo Entertainment System
48939,1252281600,2009-09-07,"Sep 07, 2009",,,UNKNOWN,5,Wii
48939,803865600,1995-06-23,"Jun 23, 1995",,,UNKNOWN,58,Super Famicom
48939,772243200,1994-06-22,"Jun 22, 1994",,,UNKNOWN,19,Super Nintendo Entertainment System
48939,796521600,1995-03-30,"Mar 30, 1995",,,UNKNOWN,19,Super Nintendo Entertainment System
196441,761443200,1994-02-17,"Feb 17, 1994",,,UNKNOWN,33,Game Boy
196441,760060800,1994-02-01,"Feb 01, 1994",,,UNKNOWN,33,Game Boy
265060,925516800,1999-05-01,"May 01, 1999",,,UNKNOWN,22,Game Boy Color
217956,757296000,1993-12-31,1993,,,UNKNOWN,411,Handheld Electronic LCD
207235,794016000,1995-03-01,Mar 1995,,,UNKNOWN,29,Sega Mega Drive/Genesis
207235,784771200,1994-11-14,"Nov 14, 1994",,,UNKNOWN,29,Sega Mega Drive/Genesis
207235,788832000,1994-12-31,1994,,,UNKNOWN,29,Sega Mega Drive/Genesis
49011,725760000,1992-12-31,1992,,,UNKNOWN,19,Super Nintendo Entertainment System
49011,725760000,1992-12-31,1992,,,UNKNOWN,29,Sega Mega Drive/Genesis
49011,667785600,1991-03-01,"Mar 01, 1991",,,UNKNOWN,33,Game Boy
307394,1663804800,2022-09-22,"Sep 22, 2022",,,UNKNOWN,82,Web browser
7828,844128000,1996-10-01,Oct 1996,,,UNKNOWN,19,Super Nintendo Entertainment System
7828,825638400,1996-03-01,Mar 1996,,,UNKNOWN,29,Sega Mega Drive/Genesis
7828,851990400,1996-12-31,1996,,,UNKNOWN,29,Sega Mega Drive/Genesis
7828,825638400,1996-03-01,Mar 1996,,,UNKNOWN,19,Super Nintendo Entertainment System
210342,1158019200,2006-09-12,"Sep 12, 2006",,,UNKNOWN,39,iOS
42637,851990400,1996-12-31,1996,,,UNKNOWN,19,Super Nintendo Entertainment System
42637,817776000,1995-12-01,Dec 1995,,,UNKNOWN,19,Super Nintendo Entertainment System
42637,1036108800,2002-11-01,"Nov 01, 2002",,,UNKNOWN,24,Game Boy Advance
42637,1072828800,2003-12-31,2003,,,UNKNOWN,7,PlayStation
10354,1459209600,2016-03-29,"Mar 29, 2016",,,UNKNOWN,49,Xbox One
10354,1385078400,2013-11-22,"Nov 22, 2013",,,UNKNOWN,49,Xbox One
10354,1409788800,2014-09-04,"Sep 04, 2014",,,UNKNOWN,49,Xbox One
10354,1459209600,2016-03-29,"Mar 29, 2016",,,UNKNOWN,6,PC (Microsoft Windows)
190013,761616000,1994-02-19,"Feb 19, 1994",,,UNKNOWN,58,Super Famicom
190013,787017600,1994-12-10,"Dec 10, 1994",,,UNKNOWN,19,Super Nintendo Entertainment System
190013,820368000,1995-12-31,1995,,,UNKNOWN,19,Super Nintendo Entertainment System
42618,728524800,1993-02-01,"Feb 01, 1993",,,UNKNOWN,19,Super Nintendo Entertainment System
208990,1167523200,2006-12-31,2006,,,UNKNOWN,55,Legacy Mobile Device
208990,1230681600,2008-12-31,2008,,,UNKNOWN,29,Sega Mega Drive/Genesis
11603,788832000,1994-12-31,1994,,,UNKNOWN,19,Super Nintendo Entertainment System
11603,1456963200,2016-03-03,"Mar 03, 2016",,,UNKNOWN,41,Wii U
11603,1444262400,2015-10-08,"Oct 08, 2015",,,UNKNOWN,41,Wii U
11603,777859200,1994-08-26,"Aug 26, 1994",,,UNKNOWN,58,Super Famicom
11603,765590400,1994-04-06,"Apr 06, 1994",,,UNKNOWN,29,Sega Mega Drive/Genesis
11603,765590400,1994-04-06,"Apr 06, 1994",,,UNKNOWN,19,Super Nintendo Entertainment System
353713,694137600,1991-12-31,1991,,,UNKNOWN,64,Sega Master System/Mark III
353713,744163200,1993-08-01,Aug 1993,,,UNKNOWN,64,Sega Master System/Mark III
353713,686275200,1991-10-01,"Oct 01, 1991",,,UNKNOWN,64,Sega Master System/Mark III
42655,760060800,1994-02-01,Feb 1994,,,UNKNOWN,19,Super Nintendo Entertainment System
42655,752112000,1993-11-01,Nov 1993,,,UNKNOWN,19,Super Nintendo Entertainment System
42655,741484800,1993-07-01,Jul 1993,,,UNKNOWN,19,Super Nintendo Entertainment System
81523,694137600,1991-12-31,1991,,,UNKNOWN,52,Arcade
81523,683510400,1991-08-30,"Aug 30, 1991",,,UNKNOWN,58,Super Famicom
81523,746668800,1993-08-30,"Aug 30, 1993",,,UNKNOWN,19,Super Nintendo Entertainment System
81523,707616000,1992-06-04,"Jun 04, 1992",,,UNKNOWN,19,Super Nintendo Entertainment System
81523,694137600,1991-12-31,1991,,,UNKNOWN,19,Super Nintendo Entertainment System
368893,820368000,1995-12-31,1995,,,UNKNOWN,35,Sega Game Gear
368893,788832000,1994-12-31,1994,,,UNKNOWN,64,Sega Master System/Mark III
37251,797817600,1995-04-14,"Apr 14, 1995",,,UNKNOWN,136,Neo Geo CD
37251,1356566400,2012-12-27,"Dec 27, 2012",,,UNKNOWN,5,Wii
37251,1357776000,2013-01-10,"Jan 10, 2013",,,UNKNOWN,5,Wii
37251,735782400,1993-04-26,"Apr 26, 1993",,,UNKNOWN,79,Neo Geo MVS
37251,1321315200,2011-11-15,"Nov 15, 2011",,,UNKNOWN,5,Wii
37251,760060800,1994-02-01,"Feb 01, 1994",,,UNKNOWN,19,Super Nintendo Entertainment System
327781,1735603200,2024-12-31,2024,,,UNKNOWN,33,Game Boy
327781,1735603200,2024-12-31,2024,,,UNKNOWN,82,Web browser
361131,1599609600,2020-09-09,"Sep 09, 2020",8,Worldwide,WW,39,iOS
361131,1599609600,2020-09-09,"Sep 09, 2020",8,Worldwide,WW,34,Android
198933,788832000,1994-12-31,1994,,,UNKNOWN,411,Handheld Electronic LCD
42636,,,TBD,,,UNKNOWN,19,Super Nintendo Entertainment System
42636,878515200,1997-11-03,"Nov 03, 1997",,,UNKNOWN,19,Super Nintendo Entertainment System
42636,883526400,1997-12-31,1997,,,UNKNOWN,19,Super Nintendo Entertainment System
42636,901929600,1998-08-01,"Aug 01, 1998",,,UNKNOWN,6,PC (Microsoft Windows)
42636,872985600,1997-08-31,"Aug 31, 1997",,,UNKNOWN,306,Satellaview
42636,853286400,1997-01-15,"Jan 15, 1997",,,UNKNOWN,58,Super Famicom
45708,788832000,1994-12-31,1994,,,UNKNOWN,13,DOS
45708,788832000,1994-12-31,1994,,,UNKNOWN,16,Amiga
45708,788832000,1994-12-31,1994,,,UNKNOWN,19,Super Nintendo Entertainment System
45708,788400000,1994-12-26,"Dec 26, 1994",,,UNKNOWN,29,Sega Mega Drive/Genesis
4245,725760000,1992-12-31,1992,,,UNKNOWN,19,Super Nintendo Entertainment System
4245,725760000,1992-12-31,1992,,,UNKNOWN,29,Sega Mega Drive/Genesis
45566,724982400,1992-12-22,"Dec 22, 1992",,,UNKNOWN,29,Sega Mega Drive/Genesis
45566,775699200,1994-08-01,Aug 1994,,,UNKNOWN,19,Super Nintendo Entertainment System
45566,,,TBD,,,UNKNOWN,19,Super Nintendo Entertainment System
81899,905385600,1998-09-10,"Sep 10, 1998",,,UNKNOWN,33,Game Boy
223018,788832000,1994-12-31,1994,,,UNKNOWN,99,Family Computer
28509,788832000,1994-12-31,1994,,,UNKNOWN,19,Super Nintendo Entertainment System
28509,781747200,1994-10-10,"Oct 10, 1994",,,UNKNOWN,19,Super Nintendo Entertainment System
28509,770688000,1994-06-04,"Jun 04, 1994",,,UNKNOWN,58,Super Famicom
28509,783216000,1994-10-27,"Oct 27, 1994",,,UNKNOWN,19,Super Nintendo Entertainment System
19773,801446400,1995-05-26,"May 26, 1995",,,UNKNOWN,19,Super Nintendo Entertainment System
19773,788832000,1994-12-31,1994,,,UNKNOWN,29,Sega Mega Drive/Genesis
19773,788832000,1994-12-31,1994,,,UNKNOWN,19,Super Nintendo Entertainment System
19773,820368000,1995-12-31,1995,,,UNKNOWN,29,Sega Mega Drive/Genesis
19773,809913600,1995-09-01,Sep 1995,,,UNKNOWN,19,Super Nintendo Entertainment System
198845,725760000,1992-12-31,1992,,,UNKNOWN,411,Handheld Electronic LCD
42474,757296000,1993-12-31,Q4 1993,,,UNKNOWN,19,Super Nintendo Entertainment System
42474,766368000,1994-04-15,"Apr 15, 1994",,,UNKNOWN,58,Super Famicom
7351,1463011200,2016-05-12,"May 12, 2016",,,UNKNOWN,6,PC (Microsoft Windows)
7351,1463097600,2016-05-13,"May 13, 2016",,,UNKNOWN,48,PlayStation 4
7351,1463097600,2016-05-13,"May 13, 2016",,,UNKNOWN,49,Xbox One
12675,,,TBD,,,UNKNOWN,13,DOS
12675,,,TBD,,,UNKNOWN,19,Super Nintendo Entertainment System
12675,757296000,1993-12-31,1993,,,UNKNOWN,16,Amiga
276932,1475366400,2016-10-02,"Oct 02, 2016",,,UNKNOWN,58,Super Famicom
365654,725760000,1992-12-31,1992,,,UNKNOWN,35,Sega Game Gear
365654,736214400,1993-05-01,May 1993,,,UNKNOWN,35,Sega Game Gear
365654,780883200,1994-09-30,"Sep 30, 1994",,,UNKNOWN,35,Sega Game Gear
365654,736214400,1993-05-01,May 1993,,,UNKNOWN,64,Sega Master System/Mark III
14901,662601600,1990-12-31,1990,,,UNKNOWN,25,Amstrad CPC
14901,662601600,1990-12-31,1990,,,UNKNOWN,16,Amiga
14901,662601600,1990-12-31,1990,,,UNKNOWN,63,Atari ST/STE
14901,662601600,1990-12-31,1990,,,UNKNOWN,13,DOS
14901,660009600,1990-12-01,Dec 1990,,,UNKNOWN,13,DOS
14901,662601600,1990-12-31,1990,,,UNKNOWN,15,Commodore C64/128/MAX
14901,694137600,1991-12-31,1991,,,UNKNOWN,26,ZX Spectrum
15844,832896000,1996-05-24,"May 24, 1996",5,Japan,JP,58,Super Famicom
15844,1198540800,2007-12-25,"Dec 25, 2007",5,Japan,JP,5,Wii
49447,1048204800,2003-03-21,"Mar 21, 2003",5,Japan,JP,24,Game Boy Advance
49447,780278400,1994-09-23,"Sep 23, 1994",5,Japan,JP,58,Super Famicom
45437,901756800,1998-07-30,"Jul 30, 1998",,,UNKNOWN,7,PlayStation
45437,901756800,1998-07-30,"Jul 30, 1998",,,UNKNOWN,32,Sega Saturn
42455,757382400,1994-01-01,"Jan 01, 1994",8,Worldwide,WW,19,Super Nintendo Entertainment System
42455,,,TBD,5,Japan,JP,306,Satellaview
42455,,,TBD,,,UNKNOWN,19,Super Nintendo Entertainment System
1709,746409600,1993-08-27,"Aug 27, 1993",,,UNKNOWN,58,Super Famicom
38210,798422400,1995-04-21,"Apr 21, 1995",,,UNKNOWN,58,Super Famicom
42546,,,TBD,,,UNKNOWN,306,Satellaview
42546,796694400,1995-04-01,"Apr 01, 1995",,,UNKNOWN,58,Super Famicom
36731,818380800,1995-12-08,"Dec 08, 1995",,,UNKNOWN,58,Super Famicom
131387,1085011200,2004-05-20,"May 20, 2004",,,UNKNOWN,8,PlayStation 2
63941,827452800,1996-03-22,"Mar 22, 1996",5,Japan,JP,308,Playdia
42484,820368000,1995-12-31,1995,,,UNKNOWN,306,Satellaview
42484,805680000,1995-07-14,"Jul 14, 1995",,,UNKNOWN,58,Super Famicom
38184,733795200,1993-04-03,"Apr 03, 1993",,,UNKNOWN,58,Super Famicom
71128,1292889600,2010-12-21,"Dec 21, 2010",,,UNKNOWN,38,PlayStation Portable
71128,1292889600,2010-12-21,"Dec 21, 2010",,,UNKNOWN,9,PlayStation 3
71128,693187200,1991-12-20,"Dec 20, 1991",,,UNKNOWN,80,Neo Geo AES
71128,722822400,1992-11-27,"Nov 27, 1992",,,UNKNOWN,58,Super Famicom
71128,779068800,1994-09-09,"Sep 09, 1994",,,UNKNOWN,136,Neo Geo CD
71128,1341187200,2012-07-02,"Jul 02, 2012",,,UNKNOWN,136,Neo Geo CD
71128,757296000,1993-12-31,1993,,,UNKNOWN,29,Sega Mega Drive/Genesis
71128,733708800,1993-04-02,"Apr 02, 1993",,,UNKNOWN,29,Sega Mega Drive/Genesis
71128,788832000,1994-12-31,1994,,,UNKNOWN,29,Sega Mega Drive/Genesis
71128,757296000,1993-12-31,1993,,,UNKNOWN,19,Super Nintendo Entertainment System
71128,1190073600,2007-09-18,"Sep 18, 2007",,,UNKNOWN,5,Wii
71128,1191801600,2007-10-08,"Oct 08, 2007",,,UNKNOWN,5,Wii
71128,1191542400,2007-10-05,"Oct 05, 2007",,,UNKNOWN,5,Wii
71128,691027200,1991-11-25,"Nov 25, 1991",,,UNKNOWN,52,Arcade
37811,886291200,1998-02-01,"Feb 01, 1998",,,UNKNOWN,306,Satellaview
37811,716256000,1992-09-12,"Sep 12, 1992",,,UNKNOWN,58,Super Famicom
37811,867542400,1997-06-29,"Jun 29, 1997",,,UNKNOWN,306,Satellaview
37811,872985600,1997-08-31,"Aug 31, 1997",,,UNKNOWN,306,Satellaview
40451,767750400,1994-05-01,May 1994,,,UNKNOWN,19,Super Nintendo Entertainment System
40451,750643200,1993-10-15,"Oct 15, 1993",,,UNKNOWN,58,Super Famicom
40451,707702400,1992-06-05,"Jun 05, 1992",,,UNKNOWN,52,Arcade
36734,793584000,1995-02-24,"Feb 24, 1995",,,UNKNOWN,58,Super Famicom
37972,732499200,1993-03-19,"Mar 19, 1993",,,UNKNOWN,58,Super Famicom
38332,775440000,1994-07-29,"Jul 29, 1994",,,UNKNOWN,58,Super Famicom
38332,,,TBD,,,UNKNOWN,19,Super Nintendo Entertainment System
47587,869961600,1997-07-27,"Jul 27, 1997",,,UNKNOWN,32,Sega Saturn
47587,869961600,1997-07-27,"Jul 27, 1997",,,UNKNOWN,136,Neo Geo CD
47587,869961600,1997-07-27,"Jul 27, 1997",,,UNKNOWN,7,PlayStation
42425,787536000,1994-12-16,"Dec 16, 1994",,,UNKNOWN,58,Super Famicom
42270,735955200,1993-04-28,"Apr 28, 1993",,,UNKNOWN,58,Super Famicom
122266,1569542400,2019-09-27,"Sep 27, 2019",,,UNKNOWN,130,Nintendo Switch
63509,,,TBD,,,UNKNOWN,306,Satellaview
63509,820368000,1995-12-31,1995,,,UNKNOWN,58,Super Famicom
46534,,,TBD,,,UNKNOWN,19,Super Nintendo Entertainment System
46534,725760000,1992-12-31,1992,,,UNKNOWN,29,Sega Mega Drive/Genesis
46534,725760000,1992-12-31,1992,,,UNKNOWN,52,Arcade
38371,759369600,1994-01-24,"Jan 24, 1994",5,Japan,JP,58,Super Famicom
42242,767491200,1994-04-28,"Apr 28, 1994",,,UNKNOWN,58,Super Famicom
37836,731894400,1993-03-12,"Mar 12, 1993",5,Japan,JP,58,Super Famicom
8564,732499200,1993-03-19,"Mar 19, 1993",,,UNKNOWN,52,Arcade
8564,764726400,1994-03-27,"Mar 27, 1994",,,UNKNOWN,58,Super Famicom
8564,,,TBD,,,UNKNOWN,19,Super Nintendo Entertainment System
8564,775699200,1994-08-01,Aug 1994,,,UNKNOWN,19,Super Nintendo Entertainment System
8564,788832000,1994-12-31,1994,,,UNKNOWN,19,Super Nintendo Entertainment System
58791,792979200,1995-02-17,"Feb 17, 1995",,,UNKNOWN,58,Super Famicom
1499,825033600,1996-02-23,"Feb 23, 1996",,,UNKNOWN,58,Super Famicom
1499,1211241600,2008-05-20,"May 20, 2008",,,UNKNOWN,5,Wii
63844,756518400,1993-12-22,"Dec 22, 1993",,,UNKNOWN,58,Super Famicom
13091,631065600,1989-12-31,1989,,,UNKNOWN,13,DOS
13091,710726400,1992-07-10,"Jul 10, 1992",,,UNKNOWN,121,Sharp X68000
37843,699840000,1992-03-06,"Mar 06, 1992",,,UNKNOWN,58,Super Famicom
78959,787536000,1994-12-16,"Dec 16, 1994",,,UNKNOWN,35,Sega Game Gear
38154,714960000,1992-08-28,"Aug 28, 1992",,,UNKNOWN,58,Super Famicom
39578,686188800,1991-09-30,"Sep 30, 1991",,,UNKNOWN,52,Arcade
39578,722822400,1992-11-27,"Nov 27, 1992",,,UNKNOWN,58,Super Famicom
77634,804470400,1995-06-30,"Jun 30, 1995",,,UNKNOWN,58,Super Famicom
77634,1418688000,2014-12-16,"Dec 16, 2014",,,UNKNOWN,6,PC (Microsoft Windows)
77634,1239667200,2009-04-14,"Apr 14, 2009",,,UNKNOWN,5,Wii
4001,1136851200,2006-01-10,"Jan 10, 2006",,,UNKNOWN,21,Nintendo GameCube
4001,1136851200,2006-01-10,"Jan 10, 2006",,,UNKNOWN,8,PlayStation 2
38321,,,TBD,,,UNKNOWN,19,Super Nintendo Entertainment System
38321,662428800,1990-12-29,"Dec 29, 1990",,,UNKNOWN,58,Super Famicom
306049,1720137600,2024-07-05,"Jul 05, 2024",2,Korea,KR,167,PlayStation 5
306049,1720137600,2024-07-05,"Jul 05, 2024",2,Korea,KR,48,PlayStation 4
306049,1720137600,2024-07-05,"Jul 05, 2024",,,UNKNOWN,130,Nintendo Switch
306049,1720137600,2024-07-05,"Jul 05, 2024",,,UNKNOWN,6,PC (Microsoft Windows)
306049,1720137600,2024-07-05,"Jul 05, 2024",2,Korea,KR,169,Xbox Series X|S
306049,1720137600,2024-07-05,"Jul 05, 2024",2,Korea,KR,49,Xbox One
5579,726451200,1993-01-08,"Jan 08, 1993",,,UNKNOWN,121,Sharp X68000
5579,688348800,1991-10-25,"Oct 25, 1991",,,UNKNOWN,150,Turbografx-16/PC Engine CD
5579,723168000,1992-12-01,Dec 1992,,,UNKNOWN,150,Turbografx-16/PC Engine CD
5579,628473600,1989-12-01,"Dec 01, 1989",,,UNKNOWN,125,PC-8800 Series
5579,1234224000,2009-02-10,"Feb 10, 2009",,,UNKNOWN,5,Wii
5579,1198540800,2007-12-25,"Dec 25, 2007",,,UNKNOWN,5,Wii
5579,644803200,1990-06-08,"Jun 08, 1990",,,UNKNOWN,118,FM Towns
5579,779760000,1994-09-17,"Sep 17, 1994",,,UNKNOWN,29,Sega Mega Drive/Genesis
5579,872985600,1997-08-31,"Aug 31, 1997",,,UNKNOWN,306,Satellaview
5579,698025600,1992-02-14,"Feb 14, 1992",,,UNKNOWN,58,Super Famicom
5579,649987200,1990-08-07,"Aug 07, 1990",,,UNKNOWN,53,MSX2
5579,851990400,1996-12-31,1996,,,UNKNOWN,6,PC (Microsoft Windows)
5579,662601600,1990-12-31,1990,,,UNKNOWN,149,PC-9800 Series
5579,861926400,1997-04-25,"Apr 25, 1997",,,UNKNOWN,6,PC (Microsoft Windows)
8050,728524800,1993-02-01,Feb 1993,,,UNKNOWN,19,Super Nintendo Entertainment System
8050,740880000,1993-06-24,"Jun 24, 1993",,,UNKNOWN,19,Super Nintendo Entertainment System
99492,1515024000,2018-01-04,"Jan 04, 2018",8,Worldwide,WW,130,Nintendo Switch
99492,1519689600,2018-02-27,"Feb 27, 2018",8,Worldwide,WW,6,PC (Microsoft Windows)
99492,1496880000,2017-06-08,"Jun 08, 2017",8,Worldwide,WW,49,Xbox One
99492,1496880000,2017-06-08,"Jun 08, 2017",8,Worldwide,WW,48,PlayStation 4
129852,1339718400,2012-06-15,"Jun 15, 2012",,,UNKNOWN,12,Xbox 360
38114,828057600,1996-03-29,"Mar 29, 1996",,,UNKNOWN,58,Super Famicom
38114,891129600,1998-03-29,"Mar 29, 1998",,,UNKNOWN,306,Satellaview
46596,773020800,1994-07-01,"Jul 01, 1994",2,Korea,KR,19,Super Nintendo Entertainment System
46596,773020800,1994-07-01,"Jul 01, 1994",,,UNKNOWN,29,Sega Mega Drive/Genesis
46596,788832000,1994-12-31,1994,,,UNKNOWN,29,Sega Mega Drive/Genesis
42406,,,TBD,5,Japan,JP,306,Satellaview
42406,755481600,1993-12-10,"Dec 10, 1993",5,Japan,JP,58,Super Famicom
42470,817689600,1995-11-30,"Nov 30, 1995",,,UNKNOWN,306,Satellaview
42470,818380800,1995-12-08,"Dec 08, 1995",,,UNKNOWN,58,Super Famicom
42555,783302400,1994-10-28,"Oct 28, 1994",,,UNKNOWN,58,Super Famicom
15935,795398400,1995-03-17,"Mar 17, 1995",,,UNKNOWN,58,Super Famicom
42531,787536000,1994-12-16,"Dec 16, 1994",,,UNKNOWN,58,Super Famicom
15893,752457600,1993-11-05,"Nov 05, 1993",,,UNKNOWN,58,Super Famicom
15893,804556800,1995-07-01,"Jul 01, 1995",,,UNKNOWN,19,Super Nintendo Entertainment System
15374,725760000,1992-12-31,1992,8,Worldwide,WW,19,Super Nintendo Entertainment System
15374,662601600,1990-12-31,1990,,,UNKNOWN,63,Atari ST/STE
15843,1391472000,2014-02-04,"Feb 04, 2014",,,UNKNOWN,41,Wii U
15843,823824000,1996-02-09,"Feb 09, 1996",,,UNKNOWN,58,Super Famicom
15843,1254182400,2009-09-29,"Sep 29, 2009",,,UNKNOWN,5,Wii
42649,780969600,1994-10-01,"Oct 01, 1994",,,UNKNOWN,19,Super Nintendo Entertainment System
42649,773625600,1994-07-08,"Jul 08, 1994",,,UNKNOWN,58,Super Famicom
42462,772416000,1994-06-24,"Jun 24, 1994",,,UNKNOWN,58,Super Famicom
4393,1236038400,2009-03-03,"Mar 03, 2009",,,UNKNOWN,5,Wii
4393,790560000,1995-01-20,"Jan 20, 1995",,,UNKNOWN,29,Sega Mega Drive/Genesis
4393,739152000,1993-06-04,"Jun 04, 1993",,,UNKNOWN,58,Super Famicom
4393,723340800,1992-12-03,"Dec 03, 1992",,,UNKNOWN,86,TurboGrafx-16/PC Engine
4393,700963200,1992-03-19,"Mar 19, 1992",,,UNKNOWN,125,PC-8800 Series
4450,1259280000,2009-11-27,"Nov 27, 2009",,,UNKNOWN,5,Wii
4450,662601600,1990-12-31,1990,,,UNKNOWN,13,DOS
4450,788832000,1994-12-31,1994,,,UNKNOWN,29,Sega Mega Drive/Genesis
4450,757296000,1993-12-31,1993,8,Worldwide,WW,115,Apple IIGS
4450,820368000,1995-12-31,1995,8,Worldwide,WW,6,PC (Microsoft Windows)
4450,725760000,1992-12-31,1992,8,Worldwide,WW,19,Super Nintendo Entertainment System
4450,1263168000,2010-01-11,"Jan 11, 2010",,,UNKNOWN,5,Wii
