edition_id,igdb_game_id,gb_game_id,score,note
CAT-00079,,,,no-match
CAT-00080,,,,no-match
CAT-00081,42617,12945,0.900,
CAT-00083,,,,no-match
CAT-00085,9633,13828,0.900,
CAT-00086,329147,13849,0.600,
CAT-00087,,,,no-match
CAT-00088,23597,7274,0.600,
CAT-00091,55092,19507,0.600,
CAT-00093,,,,no-match
CAT-00094,11616,13986,0.900,
CAT-01798,48939,4692,0.900,
CAT-01800,265033,8498,0.825,
CAT-01802,196441,11061,0.600,
CAT-01803,265060,52893,0.600,
CAT-01804,217956,5721,0.600,
CAT-01805,,,,no-match
CAT-01806,207235,12002,0.600,
CAT-01807,,,,no-match
CAT-01810,,,,no-match
CAT-01811,,,,no-match
CAT-01813,49011,13862,0.900,
CAT-01815,,,,no-match
CAT-01816,4514,2760,0.900,
CAT-01818,,,,no-match
CAT-01819,,,,no-match
CAT-01821,7828,15775,0.900,
CAT-01822,210342,9146,0.600,
CAT-01824,,,,no-match
CAT-01825,10354,18484,0.600,
CAT-01828,190013,2582,0.900,
CAT-01829,42618,29480,0.900,
CAT-01830,208990,15035,0.600,
CAT-01831,11603,12294,0.900,
CAT-01832,,,,no-match
CAT-01833,,,,no-match
CAT-01834,353713,6210,0.637,
CAT-01835,28389,4182,0.900,
CAT-01836,,,,no-match
CAT-01837,,,,no-match
CAT-01838,,,,no-match
CAT-01839,,,,no-match
CAT-01840,,,,no-match
CAT-01841,,,,no-match
CAT-01842,368893,10622,0.637,
CAT-01843,,,,no-match
CAT-01844,270346,1334,0.600,
CAT-01845,,,,no-match
CAT-01846,,,,no-match
CAT-01847,,,,no-match
CAT-01848,10162,8853,0.900,
CAT-01849,327781,16767,0.600,
CAT-01850,,,,no-match
CAT-01851,,,,no-match
CAT-01852,,,,no-match
CAT-01853,,,,no-match
CAT-01854,,,,no-match
CAT-01855,,,,no-match
CAT-01856,,,,no-match
CAT-01857,,,,no-match
CAT-01858,45708,19591,0.733,
CAT-01859,228792,20350,0.600,
CAT-01860,,,,no-match
CAT-01861,,,,no-match
CAT-01862,,,,no-match
CAT-01863,,,,no-match
CAT-01864,42456,21668,0.900,
CAT-01865,,,,no-match
CAT-01866,19773,3807,0.900,
CAT-01867,,,,no-match
CAT-01868,42490,6694,0.900,
CAT-01869,262153,5717,0.600,
CAT-01870,,,,no-match
CAT-01871,198845,17563,0.600,
CAT-01872,,,,no-match
CAT-01873,49256,19337,0.600,
CAT-01874,7351,7326,0.600,
CAT-01875,12675,4828,0.900,
CAT-01876,6349,14982,0.900,
CAT-01877,,,,no-match
CAT-01878,,,,no-match
CAT-01879,,,,no-match
CAT-01880,,,,no-match
CAT-01881,,,,no-match
CAT-01882,,,,no-match
CAT-03462,,,,no-match
CAT-08979,14901,2491,0.600,
CAT-08980,,,,no-match
CAT-08981,,,,no-match
CAT-08982,,,,no-match
CAT-08984,,,,no-match
CAT-08985,49447,23452,0.800,
CAT-08988,42455,17398,0.800,
CAT-08989,,,,no-match
CAT-09001,,,,no-match
CAT-09004,,,,no-match
CAT-09005,,,,no-match
CAT-09006,,,,no-match
CAT-09007,,,,no-match
CAT-09008,,,,no-match
CAT-09009,38210,28375,0.800,
CAT-09010,,,,no-match
CAT-09011,,,,no-match
CAT-09012,,,,no-match
CAT-09013,,,,no-match
CAT-09014,,,,no-match
CAT-09015,131387,40740,0.600,
CAT-09016,42484,168,0.800,
CAT-09017,,,,no-match
CAT-09018,,,,no-match
CAT-09019,,,,no-match
CAT-09073,,,,no-match
CAT-09088,,,,no-match
CAT-09092,,,,no-match
CAT-09097,,,,no-match
CAT-09101,37811,38768,0.800,
CAT-09102,,,,no-match
CAT-09103,40451,12299,0.800,
CAT-09121,,,,no-match
CAT-09148,,,,no-match
CAT-09152,,,,no-match
CAT-09164,,,,no-match
CAT-09171,,,,no-match
CAT-09174,,,,no-match
CAT-09181,,,,no-match
CAT-09182,42425,50664,0.800,
CAT-09183,42270,38745,0.800,
CAT-09186,,,,no-match
CAT-09191,,,,no-match
CAT-09192,,,,no-match
CAT-09193,,,,no-match
CAT-09194,1498,6052,0.800,
CAT-09195,,,,no-match
CAT-09196,,,,no-match
CAT-09197,,,,no-match
CAT-09198,,,,no-match
CAT-09199,,,,no-match
CAT-09201,,,,no-match
CAT-09202,38371,30673,0.800,
CAT-09203,,,,no-match
CAT-09204,,,,no-match
CAT-09206,,,,no-match
CAT-09207,42242,46746,0.800,
CAT-09208,84332,28372,0.600,
CAT-09210,,,,no-match
CAT-09211,,,,no-match
CAT-09212,,,,no-match
CAT-09218,,,,no-match
CAT-09220,,,,no-match
CAT-09221,,,,no-match
CAT-09222,8564,10486,0.800,
CAT-09223,1499,7265,0.800,
CAT-09224,,,,no-match
CAT-09225,,,,no-match
CAT-09226,,,,no-match
CAT-09227,37843,40040,0.800,
CAT-09228,,,,no-match
CAT-09229,,,,no-match
CAT-09230,,,,no-match
CAT-09231,,,,no-match
CAT-09232,77634,8375,0.800,
CAT-09233,,,,no-match
CAT-09234,,,,no-match
CAT-09235,,,,no-match
CAT-09242,,,,no-match
CAT-09243,,,,no-match
CAT-09244,,,,no-match
CAT-09245,,,,no-match
CAT-09246,,,,no-match
CAT-09247,,,,no-match
CAT-09248,,,,no-match
CAT-09250,,,,no-match
CAT-09253,,,,no-match
CAT-09256,,,,no-match
CAT-09257,15889,33881,0.800,
CAT-09261,,,,no-match
CAT-09263,,,,no-match
CAT-09267,,,,no-match
CAT-09269,,,,no-match
CAT-09277,,,,no-match
CAT-09283,,,,no-match
CAT-09289,,,,no-match
CAT-09290,213885,10865,0.600,
CAT-09291,,,,no-match
CAT-09305,42406,,0.800,
CAT-09306,,,,no-match
CAT-09307,,,,no-match
CAT-09308,,,,no-match
CAT-09309,,,,no-match
CAT-09310,,,,no-match
CAT-09311,15935,11461,0.800,
CAT-09312,,,,no-match
CAT-09313,,,,no-match
CAT-09314,,,,no-match
CAT-09316,,,,no-match
CAT-09318,,,,no-match
CAT-09321,,,,no-match
CAT-09322,,,,no-match
CAT-09323,15374,4385,0.720,
CAT-09324,,,,no-match
CAT-09326,15843,15117,0.800,
CAT-09328,,,,no-match
CAT-09329,,,,no-match
CAT-09330,42462,8998,0.800,
CAT-09331,,,,no-match
CAT-09358,,,,no-match
CAT-09393,,,,no-match
CAT-09401,38371,30673,0.800,
CAT-09414,,,,no-match
CAT-09421,,,,no-match
CAT-09428,,,,no-match
CAT-09436,,,,no-match
CAT-09447,,,,no-match
CAT-09454,,,,no-match
CAT-09482,,,,no-match
CAT-09498,,,,no-match
CAT-09523,,,,no-match
CAT-09536,,,,no-match
CAT-09553,,,,no-match
CAT-09554,,,,no-match
CAT-09558,,,,no-match
CAT-09569,,,,no-match
CAT-09573,,,,no-match
CAT-09580,,,,no-match
CAT-09766,,,,no-match
CAT-09767,,,,no-match
CAT-09768,,,,no-match
CAT-09769,,,,no-match
CAT-09773,,,,no-match
CAT-09775,,,,no-match
CAT-09777,,,,no-match
CAT-09779,,,,no-match
CAT-09780,42617,12945,0.800,
CAT-09781,,,,no-match
CAT-09786,,,,no-match
CAT-09793,,,,no-match
CAT-09795,,,,no-match
CAT-09796,,,,no-match
CAT-09801,,,,no-match
CAT-09802,,,,no-match
CAT-09804,,,,no-match
CAT-09805,,,,no-match
CAT-09807,,,,no-match
CAT-09809,,,,no-match
CAT-09810,,,,no-match
CAT-09811,,,,no-match
CAT-09813,,,,no-match
CAT-09816,,,,no-match
CAT-09818,,,,no-match
CAT-09819,222820,1791,0.600,
CAT-09820,,,,no-match
CAT-09821,,,,no-match
CAT-09826,,,,no-match
CAT-09831,,,,no-match
CAT-10122,,,,no-match
CAT-10129,,,,no-match
CAT-10155,,,,no-match
CAT-10173,,,,no-match
CAT-10174,,,,no-match
CAT-10175,,,,no-match
CAT-10176,,,,no-match
CAT-10178,,,,no-match
CAT-10180,,,,no-match
CAT-10183,,,,no-match
CAT-10185,,,,no-match
CAT-10186,,,,no-match
CAT-10190,,,,no-match
CAT-10192,,,,no-match
CAT-10196,,,,no-match
CAT-10199,,,,no-match
CAT-10201,,,,no-match
CAT-10205,,,,no-match
CAT-10207,153771,5740,0.800,
CAT-10212,,,,no-match
CAT-10213,,,,no-match
CAT-10216,,,,no-match
CAT-10228,,,,no-match
CAT-10231,,,,no-match
CAT-10236,,,,no-match
CAT-10239,,,,no-match
CAT-10249,,,,no-match
CAT-10254,,,,no-match
CAT-10258,,,,no-match
CAT-10264,,,,no-match
CAT-10270,,,,no-match
CAT-10279,,,,no-match
CAT-10289,,,,no-match
CAT-10293,,,,no-match
CAT-10295,,,,no-match
CAT-10308,,,,no-match
CAT-10320,,,,no-match
CAT-10322,,,,no-match
CAT-10325,,,,no-match
CAT-10328,,,,no-match
CAT-10342,,,,no-match
CAT-10344,,,,no-match
CAT-10352,,,,no-match
CAT-10358,,,,no-match
CAT-10377,,,,no-match
CAT-10380,,,,no-match
CAT-10382,,,,no-match
CAT-10386,,,,no-match
CAT-10398,,,,no-match
CAT-10429,,,,no-match
CAT-10471,,,,no-match
CAT-10489,,,,no-match
CAT-10501,,,,no-match
CAT-10508,,,,no-match
CAT-10510,,,,no-match
CAT-10546,,,,no-match
CAT-10548,,,,no-match
CAT-10551,,,,no-match
CAT-10588,,,,no-match
CAT-10633,,,,no-match
CAT-10651,,,,no-match
CAT-10659,,,,no-match
CAT-10735,,,,no-match
CAT-10816,,,,no-match
CAT-10817,,,,no-match
CAT-10818,,,,no-match
CAT-10819,,,,no-match
CAT-10821,,,,no-match
CAT-10823,,,,no-match
CAT-10827,,,,no-match
CAT-10831,,,,no-match
CAT-10834,,,,no-match
CAT-10838,,,,no-match
CAT-10890,,,,no-match
CAT-10893,,,,no-match
CAT-10903,,,,no-match
CAT-10907,,,,no-match
CAT-10914,,,,no-match
CAT-10919,,,,no-match
CAT-10975,,,,no-match
CAT-10977,,,,no-match
CAT-10981,,,,no-match
CAT-10987,,,,no-match
CAT-10992,,,,no-match
CAT-10995,,,,no-match
CAT-10997,,,,no-match
CAT-10998,,,,no-match
CAT-11001,,,,no-match
CAT-11003,,,,no-match
CAT-11004,,,,no-match
CAT-11006,,,,no-match
CAT-19321,,,,no-match
CAT-19335,,,,no-match
CAT-19338,,,,no-match
CAT-19343,,,,no-match
CAT-19344,,,,no-match
CAT-19345,,,,no-match
CAT-19350,,,,no-match
CAT-19353,,,,no-match
CAT-19355,,,,no-match
CAT-19359,,,,no-match
CAT-19361,,,,no-match
CAT-19362,,,,no-match
CAT-19394,,,,no-match
CAT-19398,,,,no-match
CAT-19399,,,,no-match
CAT-19400,,,,no-match
CAT-19401,,,,no-match
CAT-19404,,,,no-match
CAT-19410,,,,no-match
CAT-19413,,,,no-match
CAT-19417,,,,no-match
CAT-19419,,,,no-match
CAT-19431,,,,no-match
CAT-19435,,,,no-match
CAT-19439,,,,no-match
CAT-19441,,,,no-match
CAT-19442,,,,no-match
CAT-19443,,,,no-match
CAT-19444,,,,no-match
CAT-19445,,,,no-match
CAT-19447,,,,no-match
CAT-19488,,,,no-match
CAT-19489,,,,no-match
CAT-19491,,,,no-match
CAT-19492,,,,no-match
CAT-19493,,,,no-match
CAT-19494,,,,no-match
CAT-19495,,,,no-match
CAT-19496,,,,no-match
CAT-19497,,,,no-match
CAT-19498,,,,no-match
CAT-19501,,,,no-match
CAT-19502,38161,38076,0.800,
CAT-19509,,,,no-match
CAT-19513,,,,no-match
CAT-19515,,,,no-match
CAT-19516,,,,no-match
CAT-19518,,,,no-match
CAT-19520,,,,no-match
CAT-19521,,,,no-match
CAT-19523,,,,no-match
CAT-19554,,,,no-match
CAT-19557,213885,10865,0.600,
CAT-19561,,,,no-match
CAT-19562,,,,no-match
CAT-19563,,,,no-match
CAT-19564,,,,no-match
CAT-19587,,,,no-match
CAT-19590,,,,no-match
CAT-19592,,,,no-match
CAT-19595,,,,no-match
CAT-19741,1026,10276,0.900,
CAT-19743,9633,13828,0.900,
CAT-19744,23597,7274,0.600,
CAT-19746,,,,no-match
CAT-19747,4492,9336,0.900,
CAT-19749,208990,15035,0.600,
CAT-19750,,,,no-match
CAT-19751,,,,no-match
CAT-19752,,,,no-match
CAT-19755,,,,no-match
CAT-19757,42637,54900,0.900,
CAT-19758,,,,no-match
CAT-19759,5341,12959,0.900,
CAT-19760,10354,18484,0.600,
CAT-19761,198998,10020,0.600,
CAT-19763,,,,no-match
CAT-19764,287084,2851,0.400,
CAT-19765,,,,no-match
CAT-19766,,,,no-match
CAT-19767,,,,no-match
CAT-19768,7804,20205,0.900,
CAT-19769,,,,no-match
CAT-19770,,,,no-match
CAT-19771,,,,no-match
CAT-19772,81523,18664,0.900,
CAT-19773,,,,no-match
CAT-19774,,,,no-match
CAT-19775,,,,no-match
CAT-19778,,,,no-match
CAT-19779,23091,6562,0.660,
CAT-19782,,,,no-match
CAT-19783,,,,no-match
CAT-19784,,,,no-match
CAT-19785,,,,no-match
CAT-19786,42506,12248,0.900,
CAT-19787,28509,19991,0.900,
CAT-19788,,,,no-match
CAT-19789,,,,no-match
CAT-19790,,,,no-match
CAT-19791,,,,no-match
CAT-19792,,,,no-match
CAT-19793,,,,no-match
CAT-19794,,,,no-match
CAT-19796,7351,7326,0.600,
CAT-19799,48939,4692,0.900,
CAT-19801,,,,no-match
CAT-19808,,,,no-match
CAT-19810,,,,no-match
CAT-19812,9151,6029,0.900,
CAT-19813,,,,no-match
CAT-19814,243453,19134,0.900,
CAT-19816,,,,no-match
CAT-19817,,,,no-match
CAT-19818,,,,no-match
CAT-19819,217956,5721,0.600,
CAT-19821,,,,no-match
CAT-19823,,,,no-match
CAT-19824,346267,4616,0.600,
CAT-19826,,,,no-match
CAT-19828,,,,no-match
CAT-19829,,,,no-match
CAT-19830,,,,no-match
CAT-19831,,,,no-match
CAT-19833,,,,no-match
CAT-19834,217942,5498,0.475,
CAT-19835,,,,no-match
CAT-19836,,,,no-match
CAT-19837,,,,no-match
CAT-19839,,,,no-match
CAT-19844,,,,no-match
CAT-19846,72032,6921,0.900,
CAT-19852,,,,no-match
CAT-19854,,,,no-match
CAT-19856,27525,45818,0.900,
CAT-19857,,,,no-match
CAT-19858,,,,no-match
CAT-19860,,,,no-match
CAT-19861,243989,18818,0.600,
CAT-19862,,,,no-match
CAT-19864,38425,32829,0.900,
CAT-19865,,,,no-match
CAT-19867,,,,no-match
CAT-19868,204616,19067,0.900,
CAT-19869,14531,6805,0.900,
CAT-19870,153771,5740,0.900,
CAT-19871,,,,no-match
CAT-19872,329147,13849,0.600,
CAT-19873,,,,no-match
CAT-19874,,,,no-match
CAT-19875,3656,9316,0.900,
CAT-19876,45566,3826,0.900,
CAT-19877,,,,no-match
CAT-19878,,,,no-match
CAT-19879,,,,no-match
CAT-19880,,,,no-match
CAT-19881,,,,no-match
CAT-19882,,,,no-match
CAT-19884,,,,no-match
CAT-19885,,,,no-match
CAT-19887,265060,52893,0.600,
CAT-19888,9619,14727,0.900,
CAT-19889,,,,no-match
CAT-19890,42613,19221,0.900,
CAT-19892,,,,no-match
CAT-19894,,,,no-match
CAT-19895,,,,no-match
CAT-19897,,,,no-match
CAT-19898,,,,no-match
CAT-19900,,,,no-match
CAT-19902,,,,no-match
CAT-19903,10162,8853,0.900,
CAT-19904,,,,no-match
CAT-19906,,,,no-match
CAT-19907,,,,no-match
CAT-19908,,,,no-match
CAT-19910,,,,no-match
CAT-19911,,,,no-match
CAT-19912,,,,no-match
CAT-19913,,,,no-match
CAT-19914,,,,no-match
CAT-19915,,,,no-match
CAT-19916,,,,no-match
CAT-19917,1092,16889,0.900,
CAT-19919,,,,no-match
CAT-19920,,,,no-match
CAT-19921,,,,no-match
CAT-19922,280811,30534,0.825,
CAT-19923,,,,no-match
CAT-19924,198028,11992,0.600,
CAT-19925,198669,19944,0.600,
CAT-19927,,,,no-match
CAT-19928,42557,38982,0.900,
CAT-19929,42617,12945,0.900,
CAT-19930,,,,no-match
CAT-19932,6621,7450,0.900,
CAT-19933,,,,no-match
CAT-19966,,,,no-match
CAT-19968,,,,no-match
CAT-19970,,,,no-match
CAT-19971,,,,no-match
CAT-19973,,,,no-match
CAT-19974,,,,no-match
CAT-19977,,,,no-match
CAT-19981,,,,no-match
CAT-19983,44437,14760,0.800,
CAT-19986,,,,no-match
CAT-19989,71214,1371,0.720,
CAT-19992,,,,no-match
CAT-19996,,,,no-match
CAT-20000,,,,no-match
CAT-20005,,,,no-match
CAT-20007,,,,no-match
CAT-20011,,,,no-match
CAT-20020,,,,no-match
CAT-20021,,,,no-match
CAT-20022,,,,no-match
CAT-20023,,,,no-match
CAT-20048,,,,no-match
CAT-20049,,,,no-match
CAT-20050,,,,no-match
CAT-20051,,,,no-match
CAT-20052,,,,no-match
CAT-20053,,,,no-match
CAT-20055,,,,no-match
CAT-20056,,,,no-match
CAT-20059,,,,no-match
CAT-20063,,,,no-match
CAT-20094,,,,no-match
CAT-20095,,,,no-match
CAT-20109,,,,no-match
CAT-20111,,,,no-match
CAT-20113,,,,no-match
CAT-20114,,,,no-match
CAT-20118,,,,no-match
CAT-20120,,,,no-match
CAT-20145,,,,no-match
CAT-20154,,,,no-match
CAT-20155,,,,no-match
CAT-20156,,,,no-match
CAT-20157,,,,no-match
CAT-20158,,,,no-match
CAT-20159,,,,no-match
CAT-20160,,,,no-match
CAT-20163,,,,no-match
CAT-20166,,,,no-match
CAT-20171,,,,no-match
CAT-20175,,,,no-match
CAT-20178,,,,no-match
CAT-20183,,,,no-match
CAT-20184,,,,no-match
CAT-20185,,,,no-match
CAT-20187,,,,no-match
CAT-20188,,,,no-match
CAT-20189,39578,44494,0.800,
CAT-20190,,,,no-match
CAT-20191,37944,28306,0.800,
CAT-20203,,,,no-match
CAT-20204,,,,no-match
CAT-20205,,,,no-match
CAT-20208,,,,no-match
CAT-20209,,,,no-match
CAT-20212,,,,no-match
CAT-20217,,,,no-match
CAT-20218,,,,no-match
CAT-20219,,,,no-match
CAT-20221,,,,no-match
CAT-20226,,,,no-match
CAT-20229,,,,no-match
CAT-20231,,,,no-match
CAT-20236,,,,no-match
CAT-20237,,,,no-match
CAT-20238,,,,no-match
CAT-20241,,,,no-match
CAT-20242,,,,no-match
CAT-20246,,,,no-match
CAT-20280,,,,no-match
CAT-20281,208990,37620,0.600,
CAT-20282,,,,no-match
CAT-20283,,,,no-match
CAT-20284,,,,no-match
CAT-20285,,,,no-match
CAT-20286,,,,no-match
CAT-20287,,,,no-match
CAT-20288,,,,no-match
CAT-20289,,,,no-match
CAT-20290,,,,no-match
CAT-20309,20134,1356,0.900,
CAT-20310,,,,no-match
CAT-20312,,,,no-match
CAT-20313,705,11207,0.660,
CAT-20314,,,,no-match
CAT-20316,,,,no-match
CAT-20317,42479,5450,0.900,
CAT-20319,,,,no-match
CAT-20321,4509,15126,0.900,
CAT-20322,,,,no-match
CAT-20323,,,,no-match
CAT-20324,,,,no-match
CAT-20325,11665,14108,0.900,
CAT-20326,,,,no-match
CAT-20327,42581,6763,0.900,
CAT-20328,,,,no-match
CAT-20329,4259,9847,0.900,
CAT-20330,,,,no-match
CAT-20331,,,,no-match
CAT-20332,,,,no-match
CAT-20334,8121,3680,0.900,
CAT-20337,,,,no-match
CAT-20339,,,,no-match
CAT-20340,,,,no-match
CAT-20342,,,,no-match
CAT-20347,,,,no-match
CAT-20349,,,,no-match
CAT-20350,,,,no-match
CAT-20351,,,,no-match
CAT-20352,133313,13130,0.600,
CAT-20353,,,,no-match
CAT-20355,,,,no-match
CAT-20357,8050,9441,0.817,
CAT-20358,,,,no-match
CAT-20359,,,,no-match
CAT-20360,,,,no-match
CAT-20362,10843,6329,0.900,
CAT-20363,,,,no-match
CAT-20364,39039,1852,0.900,
CAT-20365,,,,no-match
CAT-20367,,,,no-match
CAT-20370,,,,no-match
CAT-20371,38353,2607,0.800,
CAT-20373,,,,no-match
CAT-20374,,,,no-match
CAT-20375,,,,no-match
CAT-20376,,,,no-match
CAT-20377,1073,2866,0.900,
CAT-20379,,,,no-match
CAT-20380,,,,no-match
CAT-20381,,,,no-match
CAT-20382,,,,no-match
CAT-20383,,,,no-match
CAT-20384,,,,no-match
CAT-20385,,,,no-match
CAT-20386,9861,6106,0.900,
CAT-20387,,,,no-match
CAT-20388,11616,13986,0.900,
CAT-20390,1741,9463,0.900,
CAT-20391,,,,no-match
CAT-20392,,,,no-match
CAT-20394,1124,11443,0.900,
CAT-20395,,,,no-match
CAT-20397,,,,no-match
CAT-20398,,,,no-match
CAT-20399,,,,no-match
CAT-20403,,,,no-match
CAT-20404,,,,no-match
CAT-20405,,,,no-match
CAT-20406,,,,no-match
CAT-20407,,,,no-match
CAT-20408,231006,6665,0.637,
CAT-20409,,,,no-match
CAT-20410,,,,no-match
CAT-20411,,,,no-match
CAT-20412,55092,19507,0.600,
CAT-20413,1534,4089,0.900,
CAT-20414,,,,no-match
CAT-20415,,,,no-match
CAT-20416,,,,no-match
CAT-20417,42736,16604,0.900,
CAT-20418,,,,no-match
CAT-20431,,,,no-match
CAT-20434,,,,no-match
CAT-20436,249148,4197,0.600,
CAT-20438,,,,no-match
CAT-20521,,,,no-match
CAT-20523,,,,no-match
CAT-20525,,,,no-match
CAT-20528,,,,no-match
CAT-20532,,,,no-match
CAT-20535,,,,no-match
CAT-20541,,,,no-match
CAT-20544,,,,no-match
CAT-20547,,,,no-match
CAT-20548,,,,no-match
CAT-20563,,,,no-match
CAT-20564,,,,no-match
CAT-20566,,,,no-match
CAT-20567,,,,no-match
CAT-20568,,,,no-match
CAT-20569,,,,no-match
CAT-20570,,,,no-match
CAT-20571,,,,no-match
CAT-20572,,,,no-match
CAT-20578,,,,no-match
CAT-20580,,,,no-match
CAT-20583,,,,no-match
CAT-20585,42270,38745,0.800,
CAT-20592,42348,37604,0.800,
CAT-20594,,,,no-match
CAT-20596,,,,no-match
CAT-20613,,,,no-match
CAT-20616,,,,no-match
CAT-20620,,,,no-match
CAT-20691,,,,no-match
CAT-20702,,,,no-match
CAT-20703,,,,no-match
CAT-20706,,,,no-match
CAT-20708,,,,no-match
CAT-20726,,,,no-match
CAT-20863,,,,no-match
CAT-20869,,,,no-match
CAT-20874,,,,no-match
CAT-20878,,,,no-match
CAT-20880,,,,no-match
CAT-20881,,,,no-match
CAT-20882,,,,no-match
CAT-20883,,,,no-match
CAT-20884,,,,no-match
CAT-20885,,,,no-match
CAT-20886,,,,no-match
CAT-20887,,,,no-match
CAT-20888,,,,no-match
CAT-20889,,,,no-match
CAT-20890,,,,no-match
CAT-20891,,,,no-match
CAT-20892,,,,no-match
CAT-20893,,,,no-match
CAT-21054,,,,no-match
CAT-21055,,,,no-match
CAT-21056,,,,no-match
CAT-21057,,,,no-match
CAT-21058,,,,no-match
CAT-21067,,,,no-match
CAT-21068,,,,no-match
CAT-21069,,,,no-match
CAT-21088,,,,no-match
CAT-21093,,,,no-match
CAT-21095,,,,no-match
CAT-21102,,,,no-match
CAT-21105,,,,no-match
CAT-21108,,,,no-match
CAT-21110,,,,no-match
CAT-21112,,,,no-match
CAT-21116,,,,no-match
CAT-21117,,,,no-match
CAT-21123,,,,no-match
CAT-21125,,,,no-match
CAT-21137,,,,no-match
CAT-21138,,,,no-match
CAT-21139,,,,no-match
CAT-21140,,,,no-match
CAT-21141,,,,no-match
CAT-21142,,,,no-match
CAT-21143,,,,no-match
CAT-21144,,,,no-match
CAT-21145,,,,no-match
CAT-21146,,,,no-match
CAT-21147,,,,no-match
CAT-21148,,,,no-match
CAT-21149,,,,no-match
CAT-21150,,,,no-match
CAT-21151,,,,no-match
CAT-21152,,,,no-match
CAT-21153,,,,no-match
CAT-21154,,,,no-match
CAT-21156,,,,no-match
CAT-21161,,,,no-match
CAT-21162,,,,no-match
CAT-21164,,,,no-match
CAT-21166,,,,no-match
CAT-21167,,,,no-match
CAT-21168,,,,no-match
CAT-21171,,,,no-match
CAT-21173,,,,no-match
CAT-21186,,,,no-match
CAT-21192,,,,no-match
CAT-21196,,,,no-match
CAT-21200,,,,no-match
CAT-21208,,,,no-match
CAT-21225,,,,no-match
CAT-21228,,,,no-match
CAT-21229,,,,no-match
CAT-21230,,,,no-match
CAT-21232,,,,no-match
CAT-21235,,,,no-match
CAT-21239,,,,no-match
CAT-21242,,,,no-match
CAT-21251,,,,no-match
CAT-21253,,,,no-match
CAT-21290,,,,no-match
CAT-21294,,,,no-match
CAT-21295,,,,no-match
CAT-21301,,,,no-match
CAT-21302,,,,no-match
CAT-21304,,,,no-match
CAT-21311,,,,no-match
CAT-21319,,,,no-match
CAT-21327,,,,no-match
CAT-21345,,,,no-match
CAT-21351,,,,no-match
CAT-21359,,,,no-match
CAT-21360,,,,no-match
CAT-21372,,,,no-match
CAT-21375,,,,no-match
CAT-21418,,,,no-match
CAT-21421,,,,no-match
CAT-21429,,,,no-match
CAT-21430,,,,no-match
CAT-21433,,,,no-match
CAT-21435,,,,no-match
CAT-21440,,,,no-match
CAT-21443,,,,no-match
CAT-21445,,,,no-match
CAT-21465,,,,no-match
CAT-21468,,,,no-match
CAT-21471,,,,no-match
CAT-21473,,,,no-match
CAT-21474,,,,no-match
CAT-21476,,,,no-match
CAT-21477,,,,no-match
CAT-21496,,,,no-match
CAT-21522,,,,no-match
CAT-21523,,,,no-match
CAT-21526,,,,no-match
CAT-21527,,,,no-match
CAT-21529,,,,no-match
CAT-21531,,,,no-match
CAT-21552,,,,no-match
CAT-21555,,,,no-match
CAT-21561,,,,no-match
CAT-21573,,,,no-match
CAT-21577,,,,no-match
CAT-21578,,,,no-match
CAT-21579,,,,no-match
CAT-21580,,,,no-match
CAT-21581,,,,no-match
CAT-21582,,,,no-match
CAT-21583,,,,no-match
CAT-21584,,,,no-match
CAT-21585,,,,no-match
CAT-21586,,,,no-match
CAT-21587,,,,no-match
CAT-21588,,,,no-match
CAT-21644,,,,no-match
CAT-21645,,,,no-match
CAT-21646,,,,no-match
CAT-21647,,,,no-match
CAT-21648,,,,no-match
CAT-21649,,,,no-match
CAT-21650,,,,no-match
CAT-21651,,,,no-match
CAT-21652,,,,no-match
CAT-21655,,,,no-match
CAT-21662,,,,no-match
CAT-21664,,,,no-match
CAT-21666,,,,no-match
CAT-21667,4259,9847,0.720,
CAT-21668,147969,44689,0.675,
CAT-21669,,,,no-match
CAT-21670,,,,no-match
CAT-21671,,,,no-match
CAT-21672,,,,no-match
CAT-21673,,,,no-match
CAT-21674,,,,no-match
CAT-21675,,,,no-match
CAT-21677,,,,no-match
CAT-21678,,,,no-match
CAT-21680,,,,no-match
CAT-21681,,,,no-match
CAT-21682,,,,no-match
CAT-21683,,,,no-match
CAT-21684,,,,no-match
CAT-21685,42242,46746,0.800,
CAT-21689,,,,no-match
CAT-21691,,,,no-match
CAT-21693,,,,no-match
CAT-21700,,,,no-match
CAT-21702,,,,no-match
CAT-21704,215181,14860,0.800,
CAT-21710,,,,no-match
CAT-21713,,,,no-match
CAT-21716,,,,no-match
CAT-21717,42612,16760,0.720,
CAT-21720,,,,no-match
CAT-21721,,,,no-match
CAT-21732,,,,no-match
CAT-21753,,,,no-match
CAT-21754,,,,no-match
CAT-21755,,,,no-match
CAT-21756,,,,no-match
CAT-21757,,,,no-match
CAT-21758,,,,no-match
CAT-21759,,,,no-match
CAT-21760,,,,no-match
CAT-21761,,,,no-match
CAT-21769,,,,no-match
CAT-21789,,,,no-match
CAT-21790,,,,no-match
CAT-21791,38185,55213,0.800,
CAT-21792,,,,no-match
CAT-21793,,,,no-match
CAT-21794,,,,no-match
CAT-21795,,,,no-match
CAT-21798,,,,no-match
CAT-21802,,,,no-match
CAT-21803,42423,28208,0.800,
CAT-21804,,,,no-match
CAT-21805,,,,no-match
CAT-21806,,,,no-match
CAT-21807,,,,no-match
CAT-21808,,,,no-match
CAT-21809,,,,no-match
CAT-21810,,,,no-match
CAT-21811,,,,no-match
CAT-21812,,,,no-match
CAT-21813,,,,no-match
CAT-21814,,,,no-match
CAT-21815,,,,no-match
CAT-21816,,,,no-match
CAT-21817,,,,no-match
CAT-21818,3285,42210,0.800,
CAT-21820,,,,no-match
CAT-21825,,,,no-match
CAT-21830,,,,no-match
CAT-21865,,,,no-match
CAT-21867,,,,no-match
CAT-21868,,,,no-match
CAT-21869,,,,no-match
CAT-21873,,,,no-match
CAT-21874,,,,no-match
CAT-21875,,,,no-match
CAT-21876,,,,no-match
CAT-21877,,,,no-match
CAT-21878,,,,no-match
CAT-21879,198028,11992,0.600,
CAT-21881,,,,no-match
CAT-21882,,,,no-match
CAT-21884,,,,no-match
CAT-21886,,,,no-match
CAT-21887,,,,no-match
CAT-21889,,,,no-match
CAT-21890,,,,no-match
CAT-21895,,,,no-match
CAT-21898,,,,no-match
CAT-21902,,,,no-match
CAT-21904,,,,no-match
CAT-21905,,,,no-match
CAT-21906,,,,no-match
CAT-21908,,,,no-match
CAT-21910,,,,no-match
CAT-21913,,,,no-match
CAT-21949,,,,no-match
CAT-21950,,,,no-match
CAT-21951,,,,no-match
CAT-21952,,,,no-match
CAT-21953,,,,no-match
CAT-21954,,,,no-match
CAT-21955,,,,no-match
CAT-21956,,,,no-match
CAT-21957,,,,no-match
CAT-21958,,,,no-match
CAT-21962,,,,no-match
CAT-21967,,,,no-match
CAT-22092,,,,no-match
CAT-22183,,,,no-match
CAT-22185,,,,no-match
CAT-22189,,,,no-match
CAT-22192,,,,no-match
CAT-22196,,,,no-match
CAT-22197,,,,no-match
CAT-22198,,,,no-match
CAT-22199,,,,no-match
CAT-22223,,,,no-match
CAT-22315,,,,no-match
CAT-22318,,,,no-match
CAT-22325,,,,no-match
CAT-22329,,,,no-match
CAT-22330,,,,no-match
CAT-22337,,,,no-match
CAT-22338,,,,no-match
CAT-22343,,,,no-match
CAT-22349,,,,no-match
CAT-22375,,,,no-match
CAT-22377,,,,no-match
CAT-22396,,,,no-match
CAT-22397,,,,no-match
CAT-22398,,,,no-match
CAT-22399,,,,no-match
CAT-22408,,,,no-match
CAT-22410,1498,6052,0.800,
CAT-22438,,,,no-match
CAT-22443,,,,no-match
CAT-22446,,,,no-match
CAT-22448,,,,no-match
CAT-22451,,,,no-match
CAT-22461,,,,no-match
CAT-22462,,,,no-match
CAT-22464,,,,no-match
CAT-22470,,,,no-match
CAT-22474,,,,no-match
CAT-22645,15935,11461,0.800,
CAT-22854,,,,no-match
CAT-22857,,,,no-match
CAT-22859,,,,no-match
CAT-22861,174187,37946,0.600,
CAT-22865,,,,no-match
CAT-22871,,,,no-match
CAT-22877,,,,no-match
CAT-22881,,,,no-match
CAT-22885,,,,no-match
CAT-22888,,,,no-match
CAT-22920,,,,no-match
CAT-22923,,,,no-match
CAT-22924,,,,no-match
CAT-22925,,,,no-match
CAT-22926,,,,no-match
CAT-22927,,,,no-match
CAT-22928,,,,no-match
CAT-22931,,,,no-match
CAT-22935,44418,46822,0.800,
CAT-22938,,,,no-match
CAT-22939,,,,no-match
CAT-23131,,,,no-match
CAT-23132,15843,15117,0.800,
CAT-23133,,,,no-match
CAT-23134,,,,no-match
CAT-23135,,,,no-match
CAT-23136,,,,no-match
CAT-23137,,,,no-match
CAT-23138,,,,no-match
CAT-23139,,,,no-match
CAT-23140,,,,no-match
CAT-23141,,,,no-match
CAT-23142,,,,no-match
CAT-23143,38210,28375,0.800,
CAT-23144,,,,no-match
CAT-23145,,,,no-match
CAT-23146,,,,no-match
CAT-23147,,,,no-match
CAT-23148,,,,no-match
CAT-23149,,,,no-match
CAT-23150,,,,no-match
CAT-23153,77634,8375,0.800,
CAT-23155,,,,no-match
CAT-23158,,,,no-match
CAT-23160,,,,no-match
CAT-23162,,,,no-match
CAT-23164,,,,no-match
CAT-23166,,,,no-match
CAT-23167,,,,no-match
CAT-23168,,,,no-match
CAT-23169,,,,no-match
CAT-23170,,,,no-match
CAT-23171,,,,no-match
CAT-23172,,,,no-match
CAT-23173,,,,no-match
CAT-23187,282484,1815,0.600,
CAT-23188,15834,640,0.800,
CAT-23189,,,,no-match
CAT-23190,,,,no-match
CAT-23191,42221,53407,0.800,
CAT-23192,,,,no-match
CAT-23193,,,,no-match
CAT-23194,,,,no-match
CAT-23195,,,,no-match
CAT-23238,,,,no-match
CAT-23239,,,,no-match
CAT-23242,,,,no-match
CAT-23243,202585,28337,0.600,
CAT-23244,,,,no-match
CAT-23246,,,,no-match
CAT-23252,,,,no-match
CAT-23254,222820,1791,0.600,
CAT-23256,,,,no-match
CAT-23258,,,,no-match
CAT-23259,15889,33881,0.800,
CAT-23260,,,,no-match
CAT-23261,,,,no-match
CAT-23263,,,,no-match
CAT-23272,,,,no-match
CAT-23273,,,,no-match
CAT-23274,,,,no-match
CAT-23336,,,,no-match
CAT-23351,,,,no-match
CAT-23354,,,,no-match
CAT-23367,,,,no-match
CAT-23706,,,,no-match
CAT-23707,,,,no-match
CAT-23708,,,,no-match
CAT-23709,,,,no-match
CAT-23710,,,,no-match
CAT-23711,,,,no-match
CAT-23712,,,,no-match
CAT-23713,,,,no-match
CAT-23715,,,,no-match
CAT-23717,,,,no-match
CAT-23718,,,,no-match
CAT-23719,,,,no-match
CAT-23721,,,,no-match
CAT-23723,,,,no-match
CAT-23724,,,,no-match
CAT-23726,,,,no-match
CAT-23731,,,,no-match
CAT-23732,,,,no-match
CAT-23733,,,,no-match
CAT-23734,42383,34569,0.800,
CAT-23736,,,,no-match
CAT-23741,,,,no-match
CAT-23743,,,,no-match
CAT-23745,,,,no-match
CAT-23784,,,,no-match
CAT-23785,,,,no-match
CAT-23788,,,,no-match
CAT-23789,,,,no-match
CAT-23790,,,,no-match
CAT-23797,,,,no-match
CAT-23801,,,,no-match
CAT-23805,,,,no-match
CAT-23806,,,,no-match
CAT-23808,,,,no-match
CAT-23811,,,,no-match
CAT-23828,,,,no-match
CAT-23829,,,,no-match
CAT-23830,38125,57853,0.800,
CAT-23831,,,,no-match
CAT-23835,,,,no-match
CAT-23841,,,,no-match
CAT-23842,,,,no-match
CAT-23843,,,,no-match
CAT-23844,,,,no-match
CAT-23845,,,,no-match
CAT-23847,,,,no-match
CAT-23848,,,,no-match
CAT-23850,,,,no-match
CAT-23852,,,,no-match
CAT-23853,,,,no-match
CAT-23854,,,,no-match
CAT-23855,,,,no-match
CAT-23856,,,,no-match
CAT-23857,,,,no-match
CAT-23858,,,,no-match
CAT-23870,,,,no-match
CAT-23872,,,,no-match
CAT-23875,,,,no-match
CAT-23876,,,,no-match
CAT-23877,,,,no-match
CAT-23878,,,,no-match
CAT-23879,,,,no-match
CAT-23880,38320,9288,0.800,
CAT-23881,,,,no-match
CAT-23882,,,,no-match
CAT-23883,38019,60077,0.800,
CAT-23884,,,,no-match
CAT-23885,,,,no-match
CAT-23886,,,,no-match
CAT-23887,,,,no-match
CAT-23888,9151,6029,0.800,
CAT-23889,,,,no-match
CAT-23891,,,,no-match
CAT-23897,,,,no-match
CAT-23900,,,,no-match
CAT-23904,,,,no-match
CAT-23906,,,,no-match
CAT-23910,,,,no-match
CAT-23911,,,,no-match
CAT-23912,,,,no-match
CAT-23913,,,,no-match
CAT-23914,,,,no-match
CAT-23915,,,,no-match
CAT-23916,,,,no-match
CAT-23923,7351,20654,0.600,
CAT-23924,,,,no-match
CAT-23926,,,,no-match
CAT-23930,,,,no-match
CAT-23932,,,,no-match
CAT-23933,,,,no-match
CAT-23934,,,,no-match
CAT-23935,37791,57552,0.800,
CAT-23936,,,,no-match
CAT-23937,,,,no-match
CAT-23939,,,,no-match
CAT-23940,,,,no-match
CAT-23941,,,,no-match
CAT-23942,,,,no-match
CAT-23944,,,,no-match
CAT-23946,,,,no-match
CAT-23947,,,,no-match
CAT-23948,,,,no-match
CAT-23959,,,,no-match
CAT-23960,,,,no-match
CAT-23961,,,,no-match
CAT-23962,,,,no-match
CAT-23963,,,,no-match
CAT-23964,,,,no-match
CAT-23965,,,,no-match
CAT-23966,,,,no-match
CAT-23967,,,,no-match
CAT-23968,,,,no-match
CAT-23970,,,,no-match
CAT-23971,,,,no-match
CAT-23973,,,,no-match
CAT-23975,,,,no-match
CAT-23976,,,,no-match
CAT-23977,,,,no-match
CAT-23980,,,,no-match
CAT-23983,,,,no-match
CAT-23985,,,,no-match
CAT-23989,38389,28373,0.800,
CAT-23990,,,,no-match
CAT-23993,,,,no-match
CAT-24003,,,,no-match
CAT-24004,,,,no-match
CAT-24005,,,,no-match
CAT-24007,,,,no-match
CAT-24011,,,,no-match
CAT-24013,42462,8998,0.800,
CAT-24014,,,,no-match
CAT-24016,,,,no-match
CAT-24018,,,,no-match
CAT-24019,,,,no-match
CAT-24021,,,,no-match
CAT-24022,,,,no-match
CAT-24023,,,,no-match
CAT-24026,,,,no-match
CAT-24027,,,,no-match
CAT-24028,,,,no-match
CAT-24029,,,,no-match
CAT-24030,,,,no-match
CAT-24031,,,,no-match
CAT-24033,,,,no-match
CAT-24068,95412,37539,0.800,
CAT-24070,,,,no-match
CAT-24072,,,,no-match
CAT-24209,,,,no-match
CAT-24210,,,,no-match
CAT-24237,,,,no-match
CAT-24239,,,,no-match
CAT-24242,,,,no-match
CAT-24244,,,,no-match
CAT-24246,,,,no-match
CAT-24247,,,,no-match
CAT-24250,18613,36333,0.720,
CAT-24305,,,,no-match
CAT-24310,38371,30673,0.800,
CAT-24337,42455,17398,0.800,
CAT-24379,,,,no-match
CAT-26506,9633,13828,0.900,
CAT-26509,,,,no-match
CAT-26510,,,,no-match
CAT-26512,,,,no-match
CAT-26513,,,,no-match
CAT-26514,,,,no-match
CAT-26516,,,,no-match
CAT-26517,,,,no-match
CAT-26518,,,,no-match
CAT-26519,,,,no-match
CAT-26526,8050,9441,0.817,
CAT-26527,,,,no-match
CAT-26528,,,,no-match
CAT-26529,,,,no-match
CAT-26545,174910,810,0.900,
CAT-26546,,,,no-match
CAT-26547,,,,no-match
CAT-26549,,,,no-match
CAT-26550,,,,no-match
CAT-26551,,,,no-match
CAT-26552,,,,no-match
CAT-26553,4259,9847,0.900,
CAT-26554,8121,3680,0.900,
CAT-26555,42612,16760,0.900,
CAT-26556,,,,no-match
CAT-26557,,,,no-match
CAT-26558,4509,15126,0.900,
CAT-26559,,,,no-match
CAT-26560,,,,no-match
CAT-26561,,,,no-match
CAT-26562,,,,no-match
CAT-26563,,,,no-match
CAT-26565,,,,no-match
CAT-26566,,,,no-match
CAT-26567,,,,no-match
CAT-26568,,,,no-match
CAT-26569,,,,no-match
CAT-26570,,,,no-match
CAT-26571,,,,no-match
CAT-26573,,,,no-match
CAT-26574,217942,5498,0.475,
CAT-26581,,,,no-match
CAT-26582,,,,no-match
CAT-26583,,,,no-match
CAT-26584,,,,no-match
CAT-26585,,,,no-match
CAT-26586,,,,no-match
CAT-26587,11665,14108,0.900,
CAT-26588,,,,no-match
CAT-26589,,,,no-match
CAT-26590,,,,no-match
CAT-26592,4492,9336,0.900,
CAT-26593,,,,no-match
CAT-26594,,,,no-match
CAT-26603,198801,9186,0.600,
CAT-26604,284101,1434,0.600,
CAT-26606,,,,no-match
CAT-26607,,,,no-match
CAT-26608,1103,8292,0.900,
CAT-26609,,,,no-match
CAT-26610,,,,no-match
CAT-26611,,,,no-match
CAT-26613,,,,no-match
CAT-26614,,,,no-match
CAT-26617,,,,no-match
CAT-26618,,,,no-match
CAT-26622,,,,no-match
CAT-26623,,,,no-match
CAT-26624,,,,no-match
CAT-26625,9151,6029,0.900,
CAT-26626,1073,2866,0.900,
CAT-26628,,,,no-match
CAT-26629,,,,no-match
CAT-26631,,,,no-match
CAT-26632,,,,no-match
CAT-26633,,,,no-match
CAT-26635,,,,no-match
CAT-26638,,,,no-match
CAT-26639,,,,no-match
CAT-26641,,,,no-match
CAT-26642,,,,no-match
CAT-26644,,,,no-match
CAT-26646,,,,no-match
CAT-26648,,,,no-match
CAT-26651,,,,no-match
CAT-26653,,,,no-match
CAT-26655,,,,no-match
CAT-26657,,,,no-match
CAT-26659,,,,no-match
CAT-26660,,,,no-match
CAT-26663,,,,no-match
CAT-26665,,,,no-match
CAT-26667,,,,no-match
CAT-26670,20298,12829,0.900,
CAT-26673,,,,no-match
CAT-26676,,,,no-match
CAT-26677,,,,no-match
CAT-26679,10843,6329,0.900,
CAT-26680,,,,no-match
CAT-26681,,,,no-match
CAT-26683,243989,18818,0.600,
CAT-26688,,,,no-match
CAT-26689,,,,no-match
CAT-26692,217684,3173,0.600,
CAT-26693,,,,no-match
CAT-26695,,,,no-match
CAT-26696,,,,no-match
CAT-26698,,,,no-match
CAT-26700,,,,no-match
CAT-26702,,,,no-match
CAT-26705,,,,no-match
CAT-26706,,,,no-match
CAT-26707,,,,no-match
CAT-26737,71128,2396,0.900,
CAT-26738,,,,no-match
CAT-26739,,,,no-match
CAT-26740,,,,no-match
CAT-26741,,,,no-match
CAT-26742,,,,no-match
CAT-26743,,,,no-match
CAT-26744,,,,no-match
CAT-26954,,,,no-match
CAT-26955,,,,no-match
CAT-26957,,,,no-match
CAT-26958,,,,no-match
CAT-26959,346267,4616,0.600,
CAT-26960,,,,no-match
CAT-26961,,,,no-match
CAT-26962,55092,19507,0.600,
CAT-26963,,,,no-match
CAT-26964,,,,no-match
CAT-26965,,,,no-match
CAT-26966,210342,9146,0.600,
CAT-26967,45878,,0.900,
CAT-26968,1026,,0.900,
CAT-26969,,,,no-match
CAT-26970,,,,no-match
CAT-26971,,,,no-match
CAT-26972,,,,no-match
CAT-26973,,,,no-match
CAT-26975,,,,no-match
CAT-26976,,,,no-match
CAT-26977,,,,no-match
CAT-26978,,,,no-match
CAT-26979,,,,no-match
CAT-26980,282484,,0.600,
CAT-26981,10354,,0.600,
CAT-26982,7828,,0.900,
CAT-26983,42617,,0.900,
CAT-26984,,,,no-match
CAT-26985,,,,no-match
CAT-26986,42506,,0.900,
CAT-26987,,,,no-match
CAT-26990,,,,no-match
CAT-26991,11665,,0.900,
CAT-26992,4509,,0.900,
CAT-26993,,,,no-match
CAT-26994,,,,no-match
CAT-27012,,,,no-match
CAT-27013,,,,no-match
CAT-27014,,,,no-match
CAT-27015,,,,no-match
CAT-27017,,,,no-match
CAT-27018,,,,no-match
CAT-27019,,,,no-match
CAT-27020,,,,no-match
CAT-27021,,,,no-match
CAT-27022,,,,no-match
CAT-27023,10162,,0.900,
CAT-27026,204616,,0.900,
CAT-29365,,,,no-match
CAT-30481,,,,no-match
CAT-34379,,,,no-match
CAT-34380,,,,no-match
CAT-34381,,,,no-match
CAT-34382,,,,no-match
CAT-34383,,,,no-match
CAT-34384,,,,no-match
CAT-34385,,,,no-match
CAT-34386,,,,no-match
CAT-34387,,,,no-match
CAT-34388,28389,,0.800,
CAT-34389,,,,no-match
CAT-34390,,,,no-match
CAT-34391,,,,no-match
CAT-34392,,,,no-match
CAT-34393,,,,no-match
CAT-34394,,,,no-match
CAT-34395,,,,no-match
CAT-34396,153771,,0.800,
CAT-34397,,,,no-match
CAT-34398,,,,no-match
CAT-34399,,,,no-match
CAT-34400,,,,no-match
CAT-34401,,,,no-match
CAT-34404,,,,no-match
CAT-34405,,,,no-match
CAT-34406,231006,,0.637,
CAT-34407,,,,no-match
CAT-34408,,,,no-match
CAT-34409,,,,no-match
CAT-34410,,,,no-match
CAT-34411,,,,no-match
CAT-34412,,,,no-match
CAT-34413,,,,no-match
CAT-34414,,,,no-match
CAT-34415,,,,no-match
CAT-34416,,,,no-match
CAT-34417,,,,no-match
CAT-34418,,,,no-match
CAT-34419,6349,,0.800,
CAT-34420,,,,no-match
CAT-34421,,,,no-match
CAT-34422,,,,no-match
CAT-34423,,,,no-match
CAT-34424,,,,no-match
CAT-34425,,,,no-match
CAT-34426,,,,no-match
CAT-34427,,,,no-match
CAT-34428,,,,no-match
CAT-34429,23091,,0.675,
CAT-34430,,,,no-match
CAT-34431,,,,no-match
CAT-34432,,,,no-match
CAT-34433,,,,no-match
CAT-34434,,,,no-match
CAT-34435,,,,no-match
CAT-34436,,,,no-match
CAT-34437,,,,no-match
CAT-34438,,,,no-match
CAT-34439,,,,no-match
CAT-34591,,,,no-match
CAT-34592,,,,no-match
CAT-34593,,,,no-match
CAT-34594,,,,no-match
CAT-34595,,,,no-match
CAT-34596,,,,no-match
CAT-34597,,,,no-match
CAT-34598,,,,no-match
CAT-34599,,,,no-match
CAT-34600,,,,no-match
CAT-34601,,,,no-match
CAT-34602,,,,no-match
CAT-34603,,,,no-match
CAT-34604,,,,no-match
CAT-34605,,,,no-match
CAT-34606,,,,no-match
CAT-34607,,,,no-match
CAT-34608,,,,no-match
CAT-34609,,,,no-match
CAT-34610,,,,no-match
CAT-34611,,,,no-match
CAT-34612,,,,no-match
CAT-34613,,,,no-match
CAT-34614,,,,no-match
CAT-34615,,,,no-match
CAT-34616,,,,no-match
CAT-34617,37820,,0.800,
CAT-34618,,,,no-match
CAT-34619,,,,no-match
CAT-34620,,,,no-match
CAT-34621,,,,no-match
CAT-34622,,,,no-match
CAT-34623,,,,no-match
CAT-34624,,,,no-match
CAT-34625,18380,,0.600,
CAT-34646,,,,no-match
CAT-34657,,,,no-match
CAT-34659,,,,no-match
CAT-34666,,,,no-match
CAT-34671,,,,no-match
CAT-34674,,,,no-match
CAT-34679,,,,no-match
CAT-34683,,,,no-match
CAT-34686,,,,no-match
CAT-34687,,,,no-match
CAT-34688,42484,,0.800,
CAT-34706,,,,no-match
CAT-34707,,,,no-match
CAT-34708,,,,no-match
CAT-34709,,,,no-match
CAT-34710,,,,no-match
CAT-34711,,,,no-match
CAT-34712,,,,no-match
CAT-34713,,,,no-match
CAT-34714,,,,no-match
CAT-34715,,,,no-match
CAT-34716,4546,,0.720,
CAT-34717,,,,no-match
CAT-34718,,,,no-match
CAT-34719,,,,no-match
CAT-34720,,,,no-match
CAT-34721,,,,no-match
CAT-34722,,,,no-match
CAT-34723,,,,no-match
CAT-34724,,,,no-match
CAT-34725,,,,no-match
CAT-34726,,,,no-match
CAT-34727,,,,no-match
CAT-34728,,,,no-match
CAT-34729,,,,no-match
CAT-34730,,,,no-match
CAT-34731,,,,no-match
CAT-34732,,,,no-match
CAT-34733,,,,no-match
CAT-34734,,,,no-match
CAT-34735,,,,no-match
CAT-34736,,,,no-match
CAT-34737,,,,no-match
CAT-34738,,,,no-match
CAT-34739,,,,no-match
CAT-34740,,,,no-match
CAT-34741,,,,no-match
CAT-34742,,,,no-match
CAT-34743,,,,no-match
CAT-34744,,,,no-match
CAT-34745,1709,,0.800,
CAT-34747,,,,no-match
CAT-34748,,,,no-match
CAT-34750,,,,no-match
CAT-34752,198801,,0.600,
CAT-34753,,,,no-match
CAT-34757,,,,no-match
CAT-34758,,,,no-match
CAT-34759,,,,no-match
CAT-34769,,,,no-match
CAT-34775,,,,no-match
CAT-34779,,,,no-match
CAT-34780,,,,no-match
CAT-34781,,,,no-match
CAT-34782,,,,no-match
CAT-34783,,,,no-match
CAT-34784,,,,no-match
CAT-34785,,,,no-match
CAT-34786,,,,no-match
CAT-34787,,,,no-match
CAT-34788,,,,no-match
CAT-34792,,,,no-match
CAT-34793,,,,no-match
CAT-34794,,,,no-match
CAT-34795,,,,no-match
CAT-34796,,,,no-match
CAT-34797,,,,no-match
CAT-34800,,,,no-match
CAT-34801,,,,no-match
CAT-34803,,,,no-match
CAT-34804,,,,no-match
CAT-34806,,,,no-match
CAT-34807,,,,no-match
CAT-34808,40451,,0.800,
CAT-34810,,,,no-match
CAT-34817,,,,no-match
CAT-34818,,,,no-match
CAT-34819,,,,no-match
CAT-34820,,,,no-match
CAT-34821,,,,no-match
CAT-34822,,,,no-match
CAT-34823,,,,no-match
CAT-34824,,,,no-match
CAT-34825,,,,no-match
CAT-34826,,,,no-match
CAT-34827,,,,no-match
CAT-34829,,,,no-match
CAT-34830,,,,no-match
CAT-34833,,,,no-match
CAT-34834,,,,no-match
CAT-34835,,,,no-match
CAT-34836,,,,no-match
CAT-34837,,,,no-match
CAT-34838,,,,no-match
CAT-35370,,,,no-match
CAT-35371,,,,no-match
CAT-35372,,,,no-match
CAT-35373,,,,no-match
CAT-35374,,,,no-match
CAT-35375,,,,no-match
CAT-35376,,,,no-match
CAT-35377,,,,no-match
CAT-35378,,,,no-match
CAT-35379,,,,no-match
CAT-35380,,,,no-match
CAT-35381,,,,no-match
CAT-35382,,,,no-match
CAT-35383,,,,no-match
CAT-35384,37811,,0.800,
CAT-35385,,,,no-match
CAT-35386,,,,no-match
CAT-35387,,,,no-match
CAT-35388,,,,no-match
CAT-35389,37843,,0.800,
CAT-35390,,,,no-match
CAT-35391,,,,no-match
CAT-35392,,,,no-match
CAT-35393,,,,no-match
CAT-35394,,,,no-match
CAT-35395,,,,no-match
CAT-35396,,,,no-match
CAT-35397,,,,no-match
CAT-35398,,,,no-match
CAT-35399,,,,no-match
CAT-35400,,,,no-match
CAT-35401,,,,no-match
CAT-35402,,,,no-match
CAT-35403,,,,no-match
CAT-35404,,,,no-match
CAT-35405,42617,,0.800,
CAT-35406,,,,no-match
CAT-35407,,,,no-match
CAT-35408,,,,no-match
CAT-35409,,,,no-match
CAT-35410,38352,,0.800,
CAT-35411,,,,no-match
CAT-35412,,,,no-match
CAT-35413,,,,no-match
CAT-35414,,,,no-match
CAT-35415,,,,no-match
CAT-35416,,,,no-match
CAT-35417,,,,no-match
CAT-35418,,,,no-match
CAT-35419,,,,no-match
CAT-35420,42254,,0.800,
CAT-35421,,,,no-match
CAT-35422,,,,no-match
CAT-35423,,,,no-match
CAT-35424,,,,no-match
CAT-35425,,,,no-match
CAT-35426,,,,no-match
CAT-35427,,,,no-match
CAT-35428,,,,no-match
CAT-35429,,,,no-match
CAT-35430,,,,no-match
CAT-35431,217956,,0.600,
CAT-35432,,,,no-match
CAT-35433,,,,no-match
CAT-35434,,,,no-match
CAT-35435,,,,no-match
CAT-35436,,,,no-match
CAT-35437,,,,no-match
CAT-35438,,,,no-match
CAT-35439,,,,no-match
CAT-35440,,,,no-match
CAT-35441,,,,no-match
CAT-35442,10162,,0.800,
CAT-35443,,,,no-match
CAT-35444,,,,no-match
CAT-35447,,,,no-match
CAT-35449,,,,no-match
CAT-35450,,,,no-match
CAT-35451,9619,,0.800,
CAT-35452,,,,no-match
CAT-35453,,,,no-match
CAT-35456,,,,no-match
CAT-35458,,,,no-match
CAT-35462,,,,no-match
CAT-35463,,,,no-match
CAT-35465,,,,no-match
CAT-35467,,,,no-match
CAT-35469,,,,no-match
CAT-35470,,,,no-match
CAT-35471,46770,,0.800,
CAT-35473,,,,no-match
CAT-35477,,,,no-match
CAT-35478,,,,no-match
CAT-35479,,,,no-match
CAT-35480,,,,no-match
CAT-35482,,,,no-match
CAT-35483,,,,no-match
CAT-35485,,,,no-match
CAT-35486,,,,no-match
CAT-35488,15374,,0.720,
CAT-35489,,,,no-match
CAT-35490,,,,no-match
CAT-35491,,,,no-match
CAT-35492,,,,no-match
CAT-35495,,,,no-match
CAT-35496,,,,no-match
CAT-35497,265033,,0.660,
CAT-35499,,,,no-match
CAT-35500,,,,no-match
CAT-35501,,,,no-match
CAT-35502,,,,no-match
CAT-35503,,,,no-match
CAT-35504,,,,no-match
CAT-35505,,,,no-match
CAT-35506,,,,no-match
CAT-35507,,,,no-match
CAT-35508,,,,no-match
CAT-35509,,,,no-match
CAT-35510,,,,no-match
CAT-35513,,,,no-match
CAT-35514,198998,,0.600,
CAT-35515,,,,no-match
CAT-35516,,,,no-match
CAT-35517,,,,no-match
CAT-35519,,,,no-match
CAT-35522,,,,no-match
CAT-35523,,,,no-match
CAT-35524,42736,,0.800,
CAT-35525,,,,no-match
CAT-35526,,,,no-match
CAT-35527,,,,no-match
CAT-35528,,,,no-match
CAT-35529,,,,no-match
CAT-35530,,,,no-match
CAT-35531,,,,no-match
CAT-35532,,,,no-match
CAT-35533,,,,no-match
CAT-35542,,,,no-match
CAT-35543,,,,no-match
CAT-35544,,,,no-match
CAT-35546,,,,no-match
CAT-35547,,,,no-match
CAT-35548,,,,no-match
CAT-35550,,,,no-match
CAT-35551,,,,no-match
CAT-35552,,,,no-match
CAT-35553,280811,,0.660,
CAT-35554,,,,no-match
CAT-35556,,,,no-match
CAT-35557,8050,,0.717,
CAT-35558,,,,no-match
CAT-35560,,,,no-match
CAT-35561,,,,no-match
CAT-35562,,,,no-match
CAT-35563,,,,no-match
CAT-35564,,,,no-match
CAT-35566,,,,no-match
CAT-35567,,,,no-match
CAT-35568,,,,no-match
CAT-35569,,,,no-match
CAT-35570,,,,no-match
CAT-35571,42621,,0.800,
CAT-35572,,,,no-match
CAT-35573,,,,no-match
CAT-35575,,,,no-match
CAT-35576,,,,no-match
CAT-35577,,,,no-match
CAT-35578,,,,no-match
CAT-35579,,,,no-match
CAT-35580,,,,no-match
CAT-35581,,,,no-match
CAT-35582,,,,no-match
CAT-35583,,,,no-match
CAT-35584,,,,no-match
CAT-35585,,,,no-match
CAT-35586,,,,no-match
CAT-35587,,,,no-match
CAT-35588,,,,no-match
CAT-35593,,,,no-match
CAT-35601,,,,no-match
CAT-35602,,,,no-match
CAT-35604,,,,no-match
CAT-35605,,,,no-match
CAT-35606,,,,no-match
CAT-35614,,,,no-match
CAT-35616,,,,no-match
CAT-35617,,,,no-match
CAT-35622,,,,no-match
CAT-35625,,,,no-match
CAT-35627,,,,no-match
CAT-35628,42555,,0.800,
CAT-35629,,,,no-match
CAT-35631,,,,no-match
CAT-35632,,,,no-match
CAT-35634,,,,no-match
CAT-35637,,,,no-match
CAT-35645,,,,no-match
CAT-35647,,,,no-match
CAT-35648,,,,no-match
CAT-35649,,,,no-match
CAT-36839,,,,no-match
CAT-36840,,,,no-match
CAT-36841,,,,no-match
CAT-36842,,,,no-match
CAT-36843,23597,,0.600,
CAT-36844,,,,no-match
CAT-36845,,,,no-match
CAT-36863,,,,no-match
CAT-36871,,,,no-match
CAT-36900,,,,no-match
CAT-36912,97118,,0.800,
CAT-36917,,,,no-match
CAT-36928,,,,no-match
CAT-36931,,,,no-match
CAT-36937,,,,no-match
CAT-36939,,,,no-match
CAT-36941,,,,no-match
CAT-36942,,,,no-match
CAT-36944,,,,no-match
CAT-36945,,,,no-match
CAT-36946,,,,no-match
CAT-36947,,,,no-match
CAT-36948,,,,no-match
CAT-36949,,,,no-match
CAT-36952,,,,no-match
CAT-36954,,,,no-match
CAT-36955,,,,no-match
CAT-36956,,,,no-match
CAT-36959,,,,no-match
CAT-36961,,,,no-match
CAT-36962,,,,no-match
CAT-36963,1103,,0.800,
CAT-36966,,,,no-match
CAT-36968,,,,no-match
CAT-36971,,,,no-match
CAT-36979,,,,no-match
CAT-36982,,,,no-match
CAT-36998,,,,no-match
CAT-37016,,,,no-match
CAT-37017,,,,no-match
CAT-37018,,,,no-match
CAT-37020,,,,no-match
CAT-37021,,,,no-match
CAT-37022,,,,no-match
CAT-37025,,,,no-match
CAT-37026,,,,no-match
CAT-37028,,,,no-match
CAT-37030,,,,no-match
CAT-37038,242267,,0.900,
CAT-37058,,,,no-match
CAT-37060,,,,no-match
CAT-37062,,,,no-match
CAT-37063,,,,no-match
CAT-37067,,,,no-match
CAT-37069,,,,no-match
CAT-37163,,,,no-match
CAT-37166,,,,no-match
CAT-37171,,,,no-match
CAT-37183,,,,no-match
CAT-37189,,,,no-match
CAT-37190,,,,no-match
CAT-37191,,,,no-match
CAT-37192,,,,no-match
CAT-37194,,,,no-match
CAT-37196,,,,no-match
CAT-37202,,,,no-match
CAT-37208,,,,no-match
CAT-37216,,,,no-match
CAT-37219,,,,no-match
CAT-37220,8564,,0.800,
CAT-37224,,,,no-match
CAT-37227,,,,no-match
CAT-37236,,,,no-match
CAT-37238,,,,no-match
CAT-37244,,,,no-match
CAT-37249,,,,no-match
CAT-37251,,,,no-match
CAT-37253,,,,no-match
CAT-37258,,,,no-match
CAT-37269,,,,no-match
CAT-37273,,,,no-match
CAT-37277,,,,no-match
CAT-37282,,,,no-match
CAT-37292,,,,no-match
CAT-37294,,,,no-match
CAT-37297,,,,no-match
CAT-37298,,,,no-match
CAT-37299,,,,no-match
CAT-37301,,,,no-match
CAT-37302,,,,no-match
CAT-37303,,,,no-match
CAT-37304,,,,no-match
CAT-37307,,,,no-match
CAT-37308,37832,,0.800,
CAT-37312,,,,no-match
CAT-37316,,,,no-match
CAT-37324,,,,no-match
CAT-37327,,,,no-match
CAT-37331,,,,no-match
CAT-37333,,,,no-match
CAT-37335,,,,no-match
CAT-37354,,,,no-match
CAT-37358,,,,no-match
CAT-37369,,,,no-match
CAT-37375,,,,no-match
CAT-37381,,,,no-match
CAT-37387,,,,no-match
CAT-37390,,,,no-match
CAT-37395,,,,no-match
CAT-37397,,,,no-match
CAT-37398,,,,no-match
CAT-37400,,,,no-match
CAT-37401,,,,no-match
CAT-37403,,,,no-match
CAT-37404,,,,no-match
CAT-37406,,,,no-match
CAT-37415,,,,no-match
CAT-37418,,,,no-match
CAT-37422,,,,no-match
CAT-37928,,,,no-match
CAT-37930,,,,no-match
CAT-37931,1073,,0.900,
CAT-37935,,,,no-match
CAT-37937,,,,no-match
CAT-37940,,,,no-match
CAT-37942,1720,,0.900,
CAT-37946,55092,,0.600,
CAT-37948,,,,no-match
CAT-37951,,,,no-match
CAT-37953,276017,,0.600,
CAT-37955,18067,,0.650,
CAT-37956,7704,,0.900,
CAT-37957,,,,no-match
CAT-37958,,,,no-match
CAT-37959,,,,no-match
CAT-37960,1092,,0.900,
CAT-37962,,,,no-match
CAT-37963,47498,,0.900,
CAT-37964,,,,no-match
CAT-37965,,,,no-match
CAT-37967,,,,no-match
CAT-37968,,,,no-match
CAT-37970,1026,,0.900,
CAT-37972,,,,no-match
CAT-37973,,,,no-match
CAT-37974,,,,no-match
CAT-37976,,,,no-match
CAT-37978,,,,no-match
CAT-37981,,,,no-match
CAT-37988,,,,no-match
CAT-38250,,,,no-match
CAT-38251,,,,no-match
CAT-38267,,,,no-match
CAT-38268,,,,no-match
CAT-38269,,,,no-match
CAT-38270,,,,no-match
CAT-38271,,,,no-match
CAT-38273,,,,no-match
CAT-38274,,,,no-match
CAT-38275,,,,no-match
CAT-38276,,,,no-match
CAT-38277,,,,no-match
CAT-38278,,,,no-match
CAT-38279,353713,,0.600,
CAT-38280,,,,no-match
CAT-38287,,,,no-match
CAT-38288,,,,no-match
CAT-38290,,,,no-match
CAT-38291,,,,no-match
CAT-38292,,,,no-match
CAT-38294,,,,no-match
CAT-38295,,,,no-match
CAT-38296,,,,no-match
CAT-38297,,,,no-match
CAT-38384,,,,no-match
CAT-38388,,,,no-match
CAT-38396,,,,no-match
CAT-38402,,,,no-match
CAT-38404,,,,no-match
CAT-38411,,,,no-match
CAT-38413,,,,no-match
CAT-38416,,,,no-match
CAT-38417,,,,no-match
CAT-38418,,,,no-match
CAT-38419,,,,no-match
CAT-38423,,,,no-match
CAT-38425,,,,no-match
CAT-38430,,,,no-match
CAT-38432,,,,no-match
CAT-38434,,,,no-match
CAT-38437,,,,no-match
CAT-38441,,,,no-match
CAT-38493,,,,no-match
CAT-38495,,,,no-match
CAT-38497,,,,no-match
CAT-38499,,,,no-match
CAT-38504,,,,no-match
CAT-38506,,,,no-match
CAT-38509,,,,no-match
CAT-38510,,,,no-match
CAT-38513,,,,no-match
CAT-38514,,,,no-match
CAT-38520,,,,no-match
CAT-38527,,,,no-match
CAT-38529,,,,no-match
CAT-38531,,,,no-match
CAT-38536,,,,no-match
CAT-38538,,,,no-match
CAT-38542,,,,no-match
CAT-38546,,,,no-match
CAT-38552,,,,no-match
CAT-38560,,,,no-match
CAT-38562,49447,,0.800,
CAT-38566,,,,no-match
CAT-38589,,,,no-match
CAT-38594,,,,no-match
CAT-38595,,,,no-match
CAT-38600,,,,no-match
CAT-38601,,,,no-match
CAT-38602,,,,no-match
CAT-38603,,,,no-match
CAT-38604,,,,no-match
CAT-38605,,,,no-match
CAT-38606,,,,no-match
CAT-38607,,,,no-match
CAT-38608,,,,no-match
CAT-38609,,,,no-match
CAT-38610,,,,no-match
CAT-38611,,,,no-match
CAT-38612,,,,no-match
CAT-38613,,,,no-match
CAT-38614,,,,no-match
CAT-38615,,,,no-match
CAT-38616,,,,no-match
CAT-38617,,,,no-match
CAT-38618,,,,no-match
CAT-38619,,,,no-match
CAT-38620,,,,no-match
CAT-38621,,,,no-match
CAT-38622,,,,no-match
CAT-38623,,,,no-match
CAT-38624,,,,no-match
CAT-38625,,,,no-match
CAT-38626,,,,no-match
CAT-38627,,,,no-match
CAT-38628,,,,no-match
CAT-38629,,,,no-match
CAT-38630,,,,no-match
CAT-38631,,,,no-match
CAT-38632,,,,no-match
CAT-38633,,,,no-match
CAT-38634,,,,no-match
CAT-38636,,,,no-match
CAT-38637,,,,no-match
CAT-38643,,,,no-match
CAT-38644,,,,no-match
CAT-38645,,,,no-match
CAT-38646,,,,no-match
CAT-38647,,,,no-match
CAT-38649,,,,no-match
CAT-38651,,,,no-match
CAT-38653,,,,no-match
CAT-38659,,,,no-match
CAT-38661,,,,no-match
CAT-38662,,,,no-match
CAT-38663,,,,no-match
CAT-38664,,,,no-match
CAT-38667,,,,no-match
CAT-38668,,,,no-match
CAT-38671,,,,no-match
CAT-38672,,,,no-match
CAT-38674,,,,no-match
CAT-38676,,,,no-match
CAT-38683,,,,no-match
CAT-38687,,,,no-match
CAT-38690,,,,no-match
CAT-38695,,,,no-match
CAT-38735,,,,no-match
CAT-38736,,,,no-match
CAT-38737,,,,no-match
CAT-38738,,,,no-match
CAT-38739,38130,,0.800,
CAT-38740,,,,no-match
CAT-38741,,,,no-match
CAT-38742,,,,no-match
CAT-38743,,,,no-match
CAT-38744,,,,no-match
CAT-38745,,,,no-match
CAT-38746,,,,no-match
CAT-38752,,,,no-match
CAT-38757,,,,no-match
CAT-38759,,,,no-match
CAT-38762,,,,no-match
CAT-38764,,,,no-match
CAT-38768,,,,no-match
CAT-38776,,,,no-match
CAT-38811,,,,no-match
CAT-38819,,,,no-match
CAT-38830,,,,no-match
CAT-38835,,,,no-match
CAT-38839,,,,no-match
CAT-38843,,,,no-match
CAT-38846,,,,no-match
CAT-38849,,,,no-match
CAT-38851,,,,no-match
CAT-38852,,,,no-match
CAT-38856,,,,no-match
CAT-38857,,,,no-match
CAT-38859,,,,no-match
CAT-38860,,,,no-match
CAT-38862,,,,no-match
CAT-38880,,,,no-match
CAT-38886,,,,no-match
CAT-38899,,,,no-match
CAT-38902,,,,no-match
CAT-38908,,,,no-match
CAT-38913,,,,no-match
CAT-38915,,,,no-match
CAT-38918,,,,no-match
CAT-38923,,,,no-match
CAT-38926,,,,no-match
CAT-38928,,,,no-match
CAT-38930,,,,no-match
CAT-38932,,,,no-match
CAT-38934,,,,no-match
CAT-38941,,,,no-match
CAT-38944,,,,no-match
CAT-38956,,,,no-match
CAT-38958,,,,no-match
CAT-38960,,,,no-match
CAT-38967,,,,no-match
CAT-38970,,,,no-match
CAT-38971,,,,no-match
CAT-38972,,,,no-match
CAT-39005,,,,no-match
CAT-39006,,,,no-match
CAT-39007,,,,no-match
CAT-39008,,,,no-match
CAT-39009,,,,no-match
CAT-39010,,,,no-match
CAT-39011,,,,no-match
CAT-39012,,,,no-match
CAT-39013,,,,no-match
CAT-39014,,,,no-match
CAT-39015,,,,no-match
CAT-39016,,,,no-match
CAT-39017,,,,no-match
CAT-39018,,,,no-match
CAT-40343,,,,no-match
CAT-40354,,,,no-match
CAT-40361,,,,no-match
CAT-40364,,,,no-match
CAT-40407,8050,,0.817,
CAT-40415,42506,,0.900,
CAT-40466,,,,no-match
CAT-40471,,,,no-match
CAT-40534,,,,no-match
CAT-40554,,,,no-match
CAT-40568,42479,,0.900,
CAT-40586,,,,no-match
CAT-40592,5339,,0.900,
CAT-40593,,,,no-match
CAT-40664,42479,,0.900,
CAT-40683,9861,,0.900,
CAT-40693,,,,no-match
CAT-40723,,,,no-match
CAT-41413,,,,no-match
CAT-41496,,,,no-match
CAT-41497,,,,no-match
CAT-41498,,,,no-match
CAT-41548,,,,no-match
CAT-41576,,,,no-match
CAT-41578,42612,,0.900,
CAT-41579,42612,,0.900,
CAT-41580,42612,,0.720,
CAT-41642,48939,,0.900,
CAT-41644,10843,,0.900,
CAT-41649,,,,no-match
CAT-42278,,,,no-match
CAT-42279,,,,no-match
CAT-42287,,,,no-match
CAT-42289,,,,no-match
CAT-42295,,,,no-match
CAT-42301,,,,no-match
CAT-42307,,,,no-match
CAT-42312,10354,,0.600,
CAT-42316,280811,,0.825,
CAT-42318,,,,no-match
CAT-42319,,,,no-match
CAT-42320,,,,no-match
CAT-42321,242310,,0.600,
CAT-42322,,,,no-match
CAT-42323,,,,no-match
CAT-42324,,,,no-match
CAT-42325,,,,no-match
CAT-42326,,,,no-match
CAT-42327,282484,,0.600,
CAT-42328,,,,no-match
CAT-42329,,,,no-match
CAT-42330,,,,no-match
CAT-42331,,,,no-match
CAT-42332,45566,,0.900,
CAT-42333,153771,,0.900,
CAT-42334,,,,no-match
CAT-42335,,,,no-match
CAT-42344,,,,no-match
CAT-42345,,,,no-match
CAT-42346,,,,no-match
CAT-42347,,,,no-match
CAT-42348,,,,no-match
CAT-42349,228792,,0.600,
CAT-42350,,,,no-match
CAT-42351,,,,no-match
CAT-42361,,,,no-match
CAT-42363,223018,,0.600,
CAT-42365,,,,no-match
CAT-42366,,,,no-match
CAT-42374,,,,no-match
CAT-42375,,,,no-match
CAT-42376,,,,no-match
CAT-42377,,,,no-match
CAT-42378,,,,no-match
CAT-42379,242310,,0.600,
CAT-42380,,,,no-match
CAT-42381,,,,no-match
CAT-42382,,,,no-match
CAT-42383,,,,no-match
CAT-42384,,,,no-match
CAT-42385,,,,no-match
CAT-42386,38425,,0.900,
CAT-42387,,,,no-match
CAT-42388,,,,no-match
CAT-42389,42613,,0.900,
CAT-42390,,,,no-match
CAT-42391,,,,no-match
CAT-42392,14531,,0.900,
CAT-42647,,,,no-match
CAT-42653,133313,,0.600,
CAT-42655,,,,no-match
CAT-42657,28509,,0.900,
CAT-42659,,,,no-match
CAT-42663,,,,no-match
CAT-42665,284101,,0.600,
CAT-42682,,,,no-match
CAT-42686,,,,no-match
CAT-42694,,,,no-match
CAT-42697,4259,,0.900,
CAT-42702,9861,,0.900,
CAT-42708,,,,no-match
CAT-42711,4546,,0.900,
CAT-42714,42623,,0.900,
CAT-42715,11665,,0.900,
CAT-42763,23091,,0.660,
CAT-42769,284101,,0.600,
CAT-42771,,,,no-match
CAT-42775,280811,,0.825,
CAT-42777,,,,no-match
CAT-42780,223018,,0.600,
CAT-42782,,,,no-match
CAT-42786,,,,no-match
CAT-42791,,,,no-match
CAT-42807,,,,no-match
CAT-42810,,,,no-match
CAT-42813,,,,no-match
CAT-42814,,,,no-match
CAT-42817,,,,no-match
CAT-42820,7351,,0.600,
CAT-42821,42623,,0.900,
CAT-42825,,,,no-match
CAT-42831,,,,no-match
CAT-42836,,,,no-match
CAT-42838,,,,no-match
CAT-42840,,,,no-match
CAT-42842,,,,no-match
CAT-42845,38425,,0.900,
CAT-42850,,,,no-match
CAT-42853,208990,,0.600,
CAT-42869,,,,no-match
CAT-42876,,,,no-match
CAT-42915,,,,no-match
CAT-42918,1124,,0.900,
CAT-42919,81523,,0.900,
CAT-42921,,,,no-match
CAT-42926,243453,,0.900,
CAT-42934,,,,no-match
CAT-42936,,,,no-match
CAT-42940,243989,,0.600,
CAT-42941,,,,no-match
CAT-42943,,,,no-match
CAT-42946,1026,,0.900,
CAT-42951,28509,,0.900,
CAT-42952,,,,no-match
CAT-42954,,,,no-match
CAT-42966,,,,no-match
CAT-42968,,,,no-match
CAT-42983,,,,no-match
CAT-42991,,,,no-match
CAT-42996,,,,no-match
CAT-42999,39039,,0.900,
CAT-43001,284101,,0.600,
CAT-43004,,,,no-match
CAT-43005,231006,,0.637,
CAT-43008,,,,no-match
CAT-43013,1092,,0.900,
CAT-43014,,,,no-match
CAT-43017,1073,,0.900,
CAT-45586,,,,no-match
CAT-54708,,,,no-match
CAT-55192,,,,no-match
CAT-55202,,,,no-match
CAT-55204,,,,no-match
CAT-55208,,,,no-match
CAT-55211,,,,no-match
CAT-55213,,,,no-match
CAT-55222,,,,no-match
CAT-55226,,,,no-match
CAT-55229,,,,no-match
CAT-55232,,,,no-match
CAT-55236,,,,no-match
CAT-55240,,,,no-match
CAT-55244,,,,no-match
CAT-55247,270346,,0.600,
CAT-55248,,,,no-match
CAT-55249,,,,no-match
CAT-55251,,,,no-match
CAT-55253,,,,no-match
CAT-55257,,,,no-match
CAT-55259,,,,no-match
CAT-55262,,,,no-match
CAT-55265,,,,no-match
CAT-55266,,,,no-match
CAT-55267,,,,no-match
CAT-55268,,,,no-match
CAT-55269,,,,no-match
CAT-55270,,,,no-match
CAT-55271,,,,no-match
CAT-55272,,,,no-match
CAT-55273,,,,no-match
CAT-55274,,,,no-match
CAT-55277,,,,no-match
CAT-55280,,,,no-match
CAT-55284,,,,no-match
CAT-55287,,,,no-match
CAT-55290,,,,no-match
CAT-55292,,,,no-match
CAT-55296,,,,no-match
CAT-55299,,,,no-match
CAT-55303,,,,no-match
CAT-55305,,,,no-match
CAT-55315,,,,no-match
CAT-55319,,,,no-match
CAT-55323,,,,no-match
CAT-55325,,,,no-match
CAT-55330,,,,no-match
CAT-55335,,,,no-match
CAT-55341,,,,no-match
CAT-55347,,,,no-match
CAT-55361,,,,no-match
CAT-55365,42406,,0.800,
CAT-55368,,,,no-match
CAT-55370,,,,no-match
CAT-55371,,,,no-match
CAT-55373,,,,no-match
CAT-55375,42406,,0.800,
CAT-55378,,,,no-match
CAT-55382,,,,no-match
CAT-55386,,,,no-match
CAT-55388,,,,no-match
CAT-55392,,,,no-match
CAT-55393,,,,no-match
CAT-55474,,,,no-match
CAT-55634,,,,no-match
CAT-55643,,,,no-match
CAT-55647,,,,no-match
CAT-55648,,,,no-match
CAT-55649,,,,no-match
CAT-55652,,,,no-match
CAT-55656,,,,no-match
CAT-55667,,,,no-match
CAT-55671,,,,no-match
CAT-55673,,,,no-match
CAT-55676,,,,no-match
CAT-55679,,,,no-match
CAT-55682,,,,no-match
CAT-55683,,,,no-match
CAT-55685,,,,no-match
CAT-55686,,,,no-match
CAT-55688,,,,no-match
CAT-55691,,,,no-match
CAT-55693,,,,no-match
CAT-55696,,,,no-match
CAT-55698,,,,no-match
CAT-55721,,,,no-match
CAT-55722,,,,no-match
CAT-55724,,,,no-match
CAT-55725,,,,no-match
CAT-55728,,,,no-match
CAT-55731,,,,no-match
CAT-55733,,,,no-match
CAT-55734,,,,no-match
CAT-55735,,,,no-match
CAT-55737,,,,no-match
CAT-55740,,,,no-match
CAT-55743,,,,no-match
CAT-55744,,,,no-match
CAT-55746,,,,no-match
CAT-55748,,,,no-match
CAT-55749,,,,no-match
CAT-55751,,,,no-match
CAT-55753,42484,,0.800,
CAT-55754,,,,no-match
CAT-55755,,,,no-match
CAT-55757,,,,no-match
CAT-55760,,,,no-match
CAT-55765,42254,,0.800,
CAT-55766,,,,no-match
CAT-55773,,,,no-match
CAT-55774,42348,,0.800,
CAT-55777,,,,no-match
CAT-55782,,,,no-match
CAT-55787,,,,no-match
CAT-55790,,,,no-match
CAT-55795,,,,no-match
CAT-55799,,,,no-match
CAT-55801,,,,no-match
CAT-55806,,,,no-match
CAT-55811,,,,no-match
CAT-55816,,,,no-match
CAT-55822,,,,no-match
CAT-55824,,,,no-match
CAT-55826,,,,no-match
CAT-55827,,,,no-match
CAT-55829,,,,no-match
CAT-55855,,,,no-match
CAT-55859,,,,no-match
CAT-55861,,,,no-match
CAT-55864,,,,no-match
CAT-55869,353713,,0.600,
CAT-55871,,,,no-match
CAT-55875,,,,no-match
CAT-55878,,,,no-match
CAT-55879,,,,no-match
CAT-55880,,,,no-match
CAT-55882,,,,no-match
CAT-55887,,,,no-match
CAT-55889,,,,no-match
CAT-55891,,,,no-match
CAT-55913,,,,no-match
CAT-55914,,,,no-match
CAT-55915,,,,no-match
CAT-55917,,,,no-match
CAT-55918,,,,no-match
CAT-55920,,,,no-match
CAT-55921,,,,no-match
CAT-55922,49447,,0.800,
CAT-55923,,,,no-match
CAT-55924,,,,no-match
CAT-55925,,,,no-match
CAT-55926,,,,no-match
CAT-55928,,,,no-match
CAT-55929,,,,no-match
CAT-56408,,,,no-match
CAT-56409,,,,no-match
CAT-56410,,,,no-match
CAT-58814,,,,no-match
CAT-58822,,,,no-match
CAT-58831,,,,no-match
CAT-58843,,,,no-match
CAT-58850,,,,no-match
CAT-58851,,,,no-match
CAT-58854,,,,no-match
CAT-58864,,,,no-match
CAT-58868,,,,no-match
CAT-58869,,,,no-match
CAT-58870,,,,no-match
CAT-58871,,,,no-match
CAT-58872,,,,no-match
CAT-58873,,,,no-match
CAT-58874,,,,no-match
CAT-58875,,,,no-match
CAT-58876,,,,no-match
CAT-58877,,,,no-match
CAT-59589,,,,no-match
CAT-59590,,,,no-match
CAT-59591,,,,no-match
CAT-59592,,,,no-match
CAT-59599,,,,no-match
CAT-59600,,,,no-match
CAT-59601,,,,no-match
CAT-59602,,,,no-match
CAT-59603,42242,,0.800,
CAT-59604,,,,no-match
CAT-59605,,,,no-match
CAT-59606,,,,no-match
CAT-59607,,,,no-match
CAT-59627,,,,no-match
CAT-59629,,,,no-match
CAT-59633,,,,no-match
CAT-59634,,,,no-match
CAT-59635,,,,no-match
CAT-59636,,,,no-match
CAT-59637,198028,,0.600,
CAT-59638,,,,no-match
CAT-59639,,,,no-match
CAT-59640,,,,no-match
CAT-59642,,,,no-match
CAT-59645,,,,no-match
CAT-59648,,,,no-match
CAT-59650,,,,no-match
CAT-59652,,,,no-match
CAT-59655,,,,no-match
CAT-59656,,,,no-match
CAT-59657,,,,no-match
CAT-59658,,,,no-match
CAT-59659,,,,no-match
CAT-59660,,,,no-match
CAT-59662,,,,no-match
CAT-59664,,,,no-match
CAT-59667,,,,no-match
CAT-59671,,,,no-match
CAT-59672,,,,no-match
CAT-59673,,,,no-match
CAT-59674,,,,no-match
CAT-59675,,,,no-match
CAT-59676,,,,no-match
CAT-59677,,,,no-match
CAT-59686,,,,no-match
CAT-59689,,,,no-match
CAT-59690,,,,no-match
CAT-59691,,,,no-match
CAT-59694,1498,,0.800,
CAT-59699,,,,no-match
CAT-59700,,,,no-match
CAT-59701,,,,no-match
CAT-59703,,,,no-match
CAT-59704,,,,no-match
CAT-59705,,,,no-match
CAT-59706,,,,no-match
CAT-59709,,,,no-match
CAT-59710,,,,no-match
CAT-59712,,,,no-match
CAT-59713,,,,no-match
CAT-59715,353713,,0.600,
CAT-59718,,,,no-match
CAT-59723,,,,no-match
CAT-59727,,,,no-match
CAT-59732,,,,no-match
CAT-59733,,,,no-match
CAT-59736,,,,no-match
CAT-59744,,,,no-match
CAT-59753,,,,no-match
CAT-60433,,,,no-match
CAT-60435,,,,no-match
CAT-60437,,,,no-match
CAT-60438,,,,no-match
CAT-60440,,,,no-match
CAT-60441,,,,no-match
CAT-60447,,,,no-match
CAT-60450,,,,no-match
CAT-60453,,,,no-match
CAT-60454,,,,no-match
CAT-60455,,,,no-match
CAT-60456,,,,no-match
CAT-60458,,,,no-match
CAT-60459,,,,no-match
CAT-60465,,,,no-match
CAT-60467,,,,no-match
CAT-60468,,,,no-match
CAT-60470,,,,no-match
CAT-60491,,,,no-match
CAT-60493,23091,,0.675,
CAT-60496,,,,no-match
CAT-60497,,,,no-match
CAT-60504,,,,no-match
CAT-60508,,,,no-match
CAT-60511,,,,no-match
CAT-60514,,,,no-match
CAT-60519,,,,no-match
CAT-60521,,,,no-match
CAT-60522,,,,no-match
CAT-60526,,,,no-match
CAT-60529,,,,no-match
CAT-60530,,,,no-match
CAT-60533,,,,no-match
CAT-60534,353713,,0.600,
CAT-60538,,,,no-match
CAT-60546,,,,no-match
CAT-60550,,,,no-match
CAT-60555,,,,no-match
CAT-60556,37843,,0.800,
CAT-60557,,,,no-match
CAT-60559,,,,no-match
CAT-60560,,,,no-match
CAT-60561,,,,no-match
CAT-60565,,,,no-match
CAT-60567,,,,no-match
CAT-60570,,,,no-match
CAT-60572,,,,no-match
CAT-60576,,,,no-match
CAT-60579,,,,no-match
CAT-60581,,,,no-match
CAT-60588,,,,no-match
CAT-60591,,,,no-match
CAT-60594,,,,no-match
CAT-60599,28509,,0.900,
CAT-60645,174910,,0.900,
CAT-60646,,,,no-match
CAT-60647,42637,,0.900,
CAT-60648,,,,no-match
CAT-60650,,,,no-match
CAT-60652,,,,no-match
CAT-60658,,,,no-match
CAT-60667,,,,no-match
CAT-60668,81523,,0.900,
CAT-60669,,,,no-match
CAT-60670,28509,,0.900,
CAT-60671,,,,no-match
CAT-60672,153771,,0.900,
CAT-60673,,,,no-match
CAT-60674,,,,no-match
CAT-60675,45708,,0.733,
CAT-60676,4450,,0.900,
CAT-60677,,,,no-match
CAT-60678,,,,no-match
CAT-60679,,,,no-match
CAT-60680,20134,,0.900,
CAT-60681,,,,no-match
CAT-60682,210342,,0.600,
CAT-60683,174910,,0.900,
CAT-60684,27525,,0.900,
CAT-60685,,,,no-match
CAT-60686,,,,no-match
CAT-60687,,,,no-match
CAT-60688,49256,,0.600,
CAT-61143,,,,no-match
CAT-61145,,,,no-match
CAT-61148,,,,no-match
CAT-61149,4455,,0.900,
CAT-61150,,,,no-match
CAT-61151,,,,no-match
CAT-61152,11603,,0.900,
CAT-61153,,,,no-match
CAT-61154,6621,,0.900,
CAT-61155,270346,,0.600,
CAT-61156,,,,no-match
CAT-61158,,,,no-match
CAT-64576,,,,no-match
CAT-64694,,,,no-match
CAT-66453,,,,no-match
CAT-66454,,,,no-match
CAT-66455,,,,no-match
CAT-66456,,,,no-match
CAT-66457,,,,no-match
CAT-66458,,,,no-match
CAT-66459,,,,no-match
CAT-66946,,,,no-match
CAT-68906,210342,,0.600,
CAT-68910,,,,no-match
CAT-68911,,,,no-match
CAT-68912,,,,no-match
CAT-68913,,,,no-match
CAT-68956,,,,no-match
CAT-68957,,,,no-match
CAT-69611,270346,,0.600,
CAT-69626,1103,,0.900,
CAT-69636,1103,,0.900,
CAT-69678,270346,,0.600,
CAT-300564,,,,no-match
CAT-70755,,,,no-match
CAT-70954,217956,,0.600,
CAT-70956,,,,no-match
CAT-300398,,,,no-match
CAT-300399,,,,no-match
CAT-300400,,,,no-match
CAT-300401,,,,no-match
CAT-300425,,,,no-match
CAT-78070,9633,,0.900,
CAT-78071,,,,no-match
CAT-300537,,,,no-match
CAT-300538,,,,no-match
CAT-301597,,,,no-match
CAT-301598,,,,no-match
CAT-301599,,,,no-match
CAT-301589,,,,no-match
CAT-301590,,,,no-match
CAT-78694,,,,no-match
CAT-79150,,,,no-match
CAT-79160,,,,no-match
CAT-79161,,,,no-match
CAT-79168,,,,no-match
CAT-79210,,,,no-match
CAT-79211,,,,no-match
CAT-79413,9633,,0.900,
CAT-79719,49256,,0.600,
